job_name,post_zip_name,component,sweep_type,isolated_vs_fullcar,date,owner_initials,raw_force_values,full_car_df,total_aero_df,body_df,fw_df,rw_df,ut_df,wheel_df,endplate_df,swan_neck_df,carbon_rod_df,EL4_df,EL5_df,EL6_df,EL7_df,full_car_drag,body_drag,fw_drag,rw_drag,ut_drag,wheel_drag,endplate_drag,swan_neck_dragf,carbon_rod_drag,EL4_drag,EL5_drag,EL6_drag,EL7_drag,frontal_area,RW_area,FW_area,UT_area,ClA,CdA,full_car_CoP,full_car_CoP_meters,UT_CoP_meters,RW_CoP_meters,radiator_MFR,inlet_MF_averaged_pressure,outlet_MF_averaged_pressure,pressure_drop,cell_count,swept_variable,swept_range,swept_value,swept_value_unit,scene_image_refs,source_drive_folder,whisker_df
NC_UT_NoFillets_Cornering_20260724,post_NC_UT_NoFillets_Cornering_20260724.zip,UT,Cornering,isolated,20260724,NC,body_df=9.940276N;full_car_CoP=54.151201;full_car_CoP_meters=0.852881m;rw_drag=40.141979N;fw_df=-57.680309N;rw_df=-92.914777N;full_car_drag=91.971587N;full_car_df=-190.627172N;ut_df=-61.334506N;cell_count=113848135.0;total_aero_df=-198.479912N;wheel_df=7.85274N;whisker_df=3.509404N,-190.627172,-198.479912,9.940276,-57.680309,-92.914777,-61.334506,7.85274,,,,,,,,91.971587,,,40.141979,,,,,,,,,,,,,,,,54.151201,0.852881,,,,,,,113848135.0,,,,,https://drive.google.com/file/d/12DTi3NB5mH2V0TQnUqVPeVpoQdmORZ3I/view;https://drive.google.com/file/d/1SB5EvB1Wbj91m-4rCy0CXov_T5k2mpJg/view;https://drive.google.com/file/d/1-TiipRsvRuOLWIVmt6JD57GE_jJ4ygMu/view;https://drive.google.com/file/d/1WhKFR6cm0l5vRFZtUS2Af3HG92YXg690/view;https://drive.google.com/file/d/1OxqVUfzq_6wSG-cyW34lHtDmNgq3mQGr/view;https://drive.google.com/file/d/1zBsXauGMERmmZFeRjo7MdojeOyYuDU7b/view;https://drive.google.com/file/d/1-fOr0BzzGwQIC3T5AegIumtPjxyB60p-/view;https://drive.google.com/file/d/1jYZ-aKBXjS7fmVpEe7-5SntOL9YD6rmO/view;https://drive.google.com/file/d/1vM2FUdfDZX5Zp5l1XS6zoLgFGCP_XuDH/view;https://drive.google.com/file/d/1pBqKRaW94_2QvVxfWalnxs-VJtcJfdlt/view;https://drive.google.com/file/d/1ZXHyssbNSLULvH-2CqUEGxhLeLgtVmAL/view;https://drive.google.com/file/d/1QPtpUsrJHwdMpyOgeP62mKC4Refa5uh_/view;https://drive.google.com/file/d/17aoO80ijeCQDVr7a2-SbdKW4YZixx9PQ/view;https://drive.google.com/file/d/1tLcTiC10ncs2Y5yNMx6HVCH89ooEHu-N/view;https://drive.google.com/file/d/1pQfh2ZM90YiZ4gs2LroJdlUycEY13RtK/view;https://drive.google.com/file/d/1_b0ftlnO2ZybAW1eW7AzKUSyUVfiAKF9/view;https://drive.google.com/file/d/1cTIGIs1F6VsHs2craUbHXnXepnRcVMPy/view;https://drive.google.com/file/d/1bRSRkelS6_VaND5DYkjUgqvyJeESkFiL/view;https://drive.google.com/file/d/1aEtLpT48-bQoaPQASsEi_V7bFiJTZcJq/view;https://drive.google.com/file/d/1DVqKJq18jN__APaJwJFR9L3iW8K_zgSK/view;https://drive.google.com/file/d/1gk0IUi3Wt_s87BkC3FBXFRlu-CFljTFV/view;https://drive.google.com/file/d/1t3hmk8NxgG-cyZVXkFF7hpS2gfi7GuI9/view;https://drive.google.com/file/d/1-cpcX00QmMnckyTzvhahKUWfVyjZ7uYU/view;https://drive.google.com/file/d/1y59YK-8BgsumbFfuDU6kQDKHxW9X1GxT/view;https://drive.google.com/file/d/1LgkcaMMIMxEvQ7GmmNO6BCVAoGzsWnVZ/view;https://drive.google.com/file/d/1pBmnsWUZAbNuSiUohuJ5PdFqs237Ea3q/view;https://drive.google.com/file/d/1Xx7u7lsXmlUWPBK2rQixFWbh6DcRrgeA/view;https://drive.google.com/file/d/1UNlhXP43I8ckwpypajU4yWtyak32BCTk/view;https://drive.google.com/file/d/1wP1XNhlgaNWJ9Uh1oB58pnPHQ7y7VrBv/view;https://drive.google.com/file/d/1a-ytP0OVUXKGv029J7YruDmeAV1NjVvc/view;https://drive.google.com/file/d/1GkQjOmeZAsQxqUSiMW6xguH9Ik0ycM_Y/view;https://drive.google.com/file/d/1YQMSO7AX8uiL_H95nVa1CO3Bpri1gJod/view;https://drive.google.com/file/d/1_JH1-leJgi1EIuUtNY3zaFuqy7NFEDP5/view;https://drive.google.com/file/d/11v0EcFoH8SeldILD7m5xO8lIt-Cdvv3f/view;https://drive.google.com/file/d/1zD2zK3a8VoxnjAmQRRVrgteX8FO8GDol/view;https://drive.google.com/file/d/14Fyyh_VGu7zUE8hfv53r2fld4a-SLkuu/view;https://drive.google.com/file/d/1YGx4VnC6bgL4XbNdDPQhekoy1EXfv1VJ/view;https://drive.google.com/file/d/1yD3hLSpTRihw76rFJDV0M-UzbRpqQvAV/view;https://drive.google.com/file/d/17YpA4-ofCcvpbAbTWGJbqGeeOR5YgCqO/view;https://drive.google.com/file/d/1Cw0vNfh0xvAwwaAX5NwZvdDzQLf8PJAw/view;https://drive.google.com/file/d/13upvrVAHjpvgzJHgjcyjAj8xn5fubFbM/view;https://drive.google.com/file/d/14lUxxa4YgvN6mGnIYUzxOJRCdyFGu9x6/view;https://drive.google.com/file/d/1l7KD062i-ukxPwmE3t2zVuD6ImZLIJA4/view;https://drive.google.com/file/d/1anBLW4_GoyE_TYFNocA2biAjRGTcLbf6/view;https://drive.google.com/file/d/1KwkImD-OLg3rDPyZwzyrLUuymRTgqNDO/view;https://drive.google.com/file/d/1fXoEBENHDc3vWSbbxGJXMsV0XsO_6ZN0/view;https://drive.google.com/file/d/1iJJYd5PZeO1OLC5FF4RqCxKf0C799-I3/view;https://drive.google.com/file/d/1nIL8mVGAFLOuOetLpQHUs08RTeuTxoV_/view;https://drive.google.com/file/d/1fxBYT2pxrhecRj-Py-htJN3VLW8Afzvg/view;https://drive.google.com/file/d/1AMQgtX0lW4LVe59kxpL6FmhkmzeWF2RD/view;https://drive.google.com/file/d/1vmspQDQ9DCAGa5xQzOdV31tT4SmTS4ks/view;https://drive.google.com/file/d/1uHfPmdEy9xCxjckcGMn-r3e4PFfGkrM_/view;https://drive.google.com/file/d/1fuPOUgi_KVTgWrBfZ78m6FLXvyEXBSVn/view;https://drive.google.com/file/d/1QP_lMSB6gWKQQtdUn08oZuVv_0JkdNJj/view;https://drive.google.com/file/d/1wn-cGDhscGesiNoj8Af47GqK7--hNm3Q/view;https://drive.google.com/file/d/1dsfl9p5SbgArwWrvKbaoqnKRAoWjMj1W/view;https://drive.google.com/file/d/15In__nkU48FQ66EnbtXNF9TgrVb_QtcU/view;https://drive.google.com/file/d/1Htm31gXtGA9Tw0RtGeByBUV3zRvjegOb/view;https://drive.google.com/file/d/1872dx6Pkuig9EZurt5hgosaPp3xxbCxt/view;https://drive.google.com/file/d/1an0OtraUerNMbsuBtstkzLtf8T8Ugpao/view;https://drive.google.com/file/d/1Se1XysSvAPwkxWvJPzGQSVEgWJHLlXFl/view;https://drive.google.com/file/d/12apj4iNYG7pKaBBjYLoc4ZwJet7GiHQG/view;https://drive.google.com/file/d/1RsD-Z2S6Rv9FBu8GyF8y1d6oaeHnsS5h/view;https://drive.google.com/file/d/1xIUVg4qqxrV62wMNVs5XJ8tMVh0Qkw6y/view;https://drive.google.com/file/d/1S9MW3rSF7P-XmKMgQZBuSVY3bv7NQNfL/view;https://drive.google.com/file/d/1YXogzGVdd8JicpGbfhMGe2hJyJXyM8_h/view;https://drive.google.com/file/d/1bbwnTNZESVrp3jvhrFTL63BCHsnfsjJd/view;https://drive.google.com/file/d/16XF-gCpvVSGSUDy2KGTxzNsoybpEA5R1/view;https://drive.google.com/file/d/1d3X9BpnybwDCVtCx28_3IS2s-s0NqHkg/view;https://drive.google.com/file/d/1Kwve6XmZrUSwkopLZSogN6vsmKw9QJ5S/view;https://drive.google.com/file/d/1r1OrWvBMR1Nm71mzbOU1KQbRszihu3jr/view;https://drive.google.com/file/d/1_eXH6GRhYwd_r1ceIykyWwnYNeK11xyk/view;https://drive.google.com/file/d/1p6O9EJJ3GNF7Z41I-SwwWjaMffglrY1L/view;https://drive.google.com/file/d/17kJwexhZYZ5DM40rjwIC3d_Ufv9mD6u1/view;https://drive.google.com/file/d/1RQ14llgUX1sz0-42xcFcd7CzA101SuDS/view,,3.509404
NC_FW_FlagsV2_Cornering_20260730,post_NC_FW_FlagsV2_Cornering_20260730.zip,FW,CORNERING,isolated,20260730,NC,body_df=10.430508N;full_car_CoP=54.431928;full_car_CoP_meters=0.857303m;rw_drag=40.5428N;fw_df=-57.760856N;rw_df=-93.831543N;full_car_drag=92.130332N;full_car_df=-191.13057N;ut_df=-61.414044N;cell_count=113604401.0;total_aero_df=-198.837564N;wheel_df=7.706995N;whisker_df=3.738371N,-191.13057,-198.837564,10.430508,-57.760856,-93.831543,-61.414044,7.706995,,,,,,,,92.130332,,,40.5428,,,,,,,,,,,,,,,,54.431928,0.857303,,,,,,,113604401.0,,,,,https://drive.google.com/file/d/1LGWeUm1gRyoaW4SN08Y8gHdLplaqCw9c/view;https://drive.google.com/file/d/1l1xe9mvyr9LwD9VQnF9xjW5r1mXOcT6E/view;https://drive.google.com/file/d/10nUA6o5nLMBwVn2UyALPb4P441zU8Ctp/view;https://drive.google.com/file/d/1aLVOPLVlNZhik4Xw0FYHG7nBBBys6dwP/view;https://drive.google.com/file/d/1EJsR0u7BVaJD2LqlKbHQHqVF_68NEArW/view;https://drive.google.com/file/d/1a4YKQ5KsgbDveACHhjGtXUaT7g1DeuMU/view;https://drive.google.com/file/d/1xCaBIhA-wSeuU-qXAMtTmFmNB4vpP2Lh/view;https://drive.google.com/file/d/1NXWkWIbKe0M8XJWyjlkukLHgej7wN-No/view;https://drive.google.com/file/d/1j-miXE9JuCztGeQdmK3H3FE6WIwEtJWS/view;https://drive.google.com/file/d/1dEIP0TgMB0B_MXMDGyy18JWr8nit5WPO/view;https://drive.google.com/file/d/1zg7K-mkGPcsjNFcJoYpV5f-BFc9AcYeP/view;https://drive.google.com/file/d/1_bEvfjKYo_01FW1t0TYeSoMEFhvQyBVx/view;https://drive.google.com/file/d/1A_XXRcCrWbS1_p4Fvw1TUzQ_PAbMkput/view;https://drive.google.com/file/d/1mG8LC3soA7qwENPBsS6EwyisJbqH_DRy/view;https://drive.google.com/file/d/1bhdt3VMJJFsCCpYqwlSOZe4_Ms3dADdj/view;https://drive.google.com/file/d/1-Koy4AWIny5ZuYxdf9v1ddvofuQxd-kq/view;https://drive.google.com/file/d/1svSMMNE9btVDNhMXD2hJtwnNbuRa1XFU/view;https://drive.google.com/file/d/1bCA7LdZG756Qf0yxsRJw8zqt6r3Yy6Ea/view;https://drive.google.com/file/d/1q8aEl3tKPIKft0d8CDOKq-bEjUHpzuJR/view;https://drive.google.com/file/d/1sZLo9FNwBwhtrk5_qXKFCUAt79XENXxB/view;https://drive.google.com/file/d/1v3_YAJyVvOiu4oZZfUWIH5tHi9t2Slas/view;https://drive.google.com/file/d/1xEivwjMW3mHMkHn98qXSaw5Rxlq0K8jL/view;https://drive.google.com/file/d/1orw48c80tqVzuwe_ao-WEaIyiVxqGy_T/view;https://drive.google.com/file/d/1AtrnK4JYI_W_GDtiA4owuhaaTymlxra5/view;https://drive.google.com/file/d/1-I3RA2NL_cSw7xxjcVSWbB4ELf5_RGKK/view;https://drive.google.com/file/d/1Vi7pFjvsZxiDtpU_Dq2aRHJwvb9sVcWZ/view;https://drive.google.com/file/d/132eg_cqGz6dF2rC2bmSvSOsANP22LVua/view;https://drive.google.com/file/d/1M2talagpNGuriX7BMZcXjHUwxHYTzZ6y/view;https://drive.google.com/file/d/1CrHnO9rGNdBzULpyRLcFY1YAZ43tqHdb/view;https://drive.google.com/file/d/1Eco7FWMcu6RRY5zeaPhZjU_S9omXSPTs/view;https://drive.google.com/file/d/1YpAwPYNOsRfnrVGol8E4nkZleZIqhowO/view;https://drive.google.com/file/d/1PC4TGSFkMIUOSrWRSWhc9A2nuDVEgDUf/view;https://drive.google.com/file/d/1cqtN4RzK_FTmdvkSq-r-8YpfmWgR_3oj/view;https://drive.google.com/file/d/1iQ7UvI1ltrGcd8llrOnWuekv8ePJk8OS/view;https://drive.google.com/file/d/18KRbKmw9hEeh7qr6IaQZLAqxrZR77Vhf/view;https://drive.google.com/file/d/1_XP5Jv0e8APAMAnZqmkKNkvkizCS9b_6/view;https://drive.google.com/file/d/1q_nTXIRi3_zSg7byt9pP3nvbRMX71gyt/view;https://drive.google.com/file/d/1RlvyTimvN1gP8PSrS6moaOy7GbRkSzDb/view;https://drive.google.com/file/d/1sEjLph_CNf0SjjIwepLYOpYSefRegkwQ/view;https://drive.google.com/file/d/1WpufZuxgsnlZK7ZRV2TkGU5EO2JKYOQf/view;https://drive.google.com/file/d/1pC0T9omqBWa-kPdT0hqi8q4jqxer_-hH/view;https://drive.google.com/file/d/1soxZDBXbHnRXlbUBuK0xPyKRmo7NFBHg/view;https://drive.google.com/file/d/1sbCh0z6pPMisb7hURMKtGbdTB-5kfiVN/view;https://drive.google.com/file/d/1trs569xIZx8gv1GyLylBMD085sqCdcGt/view;https://drive.google.com/file/d/11BvVV57GlkftvLAQ-1_njMDRP4TxnpV6/view;https://drive.google.com/file/d/1sUPChALfDioY6F-VhLlDZNTSUyvDfYjn/view;https://drive.google.com/file/d/1ijHaX7ZbzXH7d1XchwHXEPLT6W2IKkkJ/view;https://drive.google.com/file/d/1VHjBPzGJo-4InWFNa_SA3kBDix7ARtae/view;https://drive.google.com/file/d/1NoGptsP4vvayk2h4GI6_-IzdukVdovQx/view;https://drive.google.com/file/d/13nonIlsNkr84xAiRWabmL72aZujhQUdX/view;https://drive.google.com/file/d/1cjW_im3Ew3DItfFSYlgAgEoRKoErPoWo/view;https://drive.google.com/file/d/15avML1KMAVPPNbG4hfMy-B1AE-qgQdHv/view;https://drive.google.com/file/d/1HK0pdJXst1ifs8bV11USdA-9hbRBKE8k/view;https://drive.google.com/file/d/1bgHjFMP6USVM3mBoUDgM22hCRC3-IOnc/view;https://drive.google.com/file/d/1d_2nicJQuXQHqC7ceCv4o2o-s6G2EyPs/view;https://drive.google.com/file/d/1Ch3I5jWRi8RARPQYupLtQZuxUa4I1m6k/view;https://drive.google.com/file/d/1iCzxRdGxdUtF1vliVXWvdv_yDeG6bJlQ/view;https://drive.google.com/file/d/1aQwQwIH0ktt-uRAAbPbtJi6rXev2WW2N/view;https://drive.google.com/file/d/1RsVMvesOv0Cx8yJEDq80z8Dveb9ODxd9/view;https://drive.google.com/file/d/1T6DugRwcMq3szUf1f8dqv8ROGz2fwVJM/view;https://drive.google.com/file/d/13M8wRkNhRnDPKarxuh36WKJigJElCq6-/view;https://drive.google.com/file/d/1UkvkzujgYMkXNZGqTRkipxCvPfFzk-8W/view;https://drive.google.com/file/d/1KbLJpAcQiY7CIwS2UhYAuwCC_FxUplG8/view;https://drive.google.com/file/d/1eitW77PmvaRzSOn-LM8ZrV58blDg_INy/view;https://drive.google.com/file/d/1AwXN4g3O-Fls2xTejZyBpSbj9njF97WR/view;https://drive.google.com/file/d/1pY5ewLfR5ynjCb9-0pzqDaKm9LTrUgRD/view;https://drive.google.com/file/d/1LJ5U0_OsI2SfKYYGb5HtGGDFiPPPTH8l/view;https://drive.google.com/file/d/1VlpMLImbDEdZMovQHiRH2qllZdvBEI5Z/view;https://drive.google.com/file/d/1C8A_RKeBT0oJOlI5uOn8pYY4ytwUnk_v/view;https://drive.google.com/file/d/1n_wHH1g_R1XccII5ZFB3zW37-31xKt9w/view;https://drive.google.com/file/d/1c3Zag4cUHe9WyrfQc9NWpl5MVrjlhgVi/view;https://drive.google.com/file/d/1s9ROtjsFbz6JxiBOswBEHOtGuFctKi2U/view;https://drive.google.com/file/d/1c4svkqN3ystVpISPTBQiDceo0VXG6xrY/view;https://drive.google.com/file/d/13PpV2rtBNaDBerJwv3QbMafdCv6lne6P/view;https://drive.google.com/file/d/19iNziscTOlkWPYn10FGtdfDBmhvgQbpP/view,,3.738371
DY_RW_newMainplaneGurney_straightline_20260731,post_DY_RW_newMainplaneGurney_straightline_20260731.zip,RW,STRAIGHTLINE,isolated,20260731,DY,fw_df=-132.662185N;rw_df=-178.278185N;ut_df=-93.563664N;full_car_df=-409.591108N;total_aero_df=-416.486184N;full_car_drag=187.465275N;full_car_CoP_meters=0.925618m;body_df=-20.843421N;full_car_CoP=58.769417;whisker_df=8.798955N;wheel_df=6.895076N;radiator_MFR=0.27051kg/s;inlet_MF_averaged_pressure=70.430064Pa;outlet_MF_averaged_pressure=39.612067Pa;pressure_drop=30.817996;cell_count=37746121.0,-409.591108,-416.486184,-20.843421,-132.662185,-178.278185,-93.563664,6.895076,,,,,,,,187.465275,,,,,,,,,,,,,,,,,,,58.769417,0.925618,,,0.27051,70.430064,39.612067,30.817996,37746121.0,,,,,https://drive.google.com/file/d/1MsyFlvzP6mKqFDorrj-3rT1JYXgm2bUJ/view;https://drive.google.com/file/d/1VDEbont81QogfqEs7Up7acSmqQlQ9Kw4/view;https://drive.google.com/file/d/1CMy14kZkFW_IswiUtyn-qrT37od4B48i/view;https://drive.google.com/file/d/1J441g0Iplr1rZGOn9STb0QITqJgmDAr1/view;https://drive.google.com/file/d/1uQXy7EkyTCroTlSpCjGlhnO9bJCFIG4c/view;https://drive.google.com/file/d/1eD0wu8QjPzhi7dvilDFI7TVUwpVY7y99/view;https://drive.google.com/file/d/168w2hOv6x41CYrPxX5SDUd6UTbyahRfN/view;https://drive.google.com/file/d/1j_rccEXKwzM3Ofru1AT33l1nkCvzdz5Y/view;https://drive.google.com/file/d/1WR_jSFoIaITbljFduozNFjMhKuZIlM4S/view;https://drive.google.com/file/d/1r3flu0Z1mGcHGR-fyw8CVLG3IF7XFXUy/view;https://drive.google.com/file/d/1_JztwMKXPca7Z9i7ZCho0L0UoieYn0Hr/view;https://drive.google.com/file/d/1URYj_UgoikSXnUE3h7dUjMS6WL068XcB/view;https://drive.google.com/file/d/1kswC1gc1xF33NvrWSlwwQU7eNeC0XuHe/view;https://drive.google.com/file/d/1WUyi9qXRfpYIUtrZRDn2Nk68uYUpDzDP/view;https://drive.google.com/file/d/10r0tiaDzXESMsXVnCACmK3LM8ki9i7vy/view;https://drive.google.com/file/d/1-ricM18sDfQVFCY1GngfAxDZQfqNzbJU/view;https://drive.google.com/file/d/1cgFnABHhSi1oXEn5g-U6HXL7T1g_f0bA/view,,8.798955
DY_RW_15test_straightline_20260731,post_DY_RW_15test_straightline_20260731.zip,RW,STRAIGHTLINE,isolated,20260731,DY,fw_df=-75.629375N;rw_df=-102.01748N;ut_df=-47.629148N;full_car_df=-226.047514N;total_aero_df=-230.389958N;full_car_drag=99.116N;full_car_CoP_meters=0.912707m;body_df=-10.074288N;full_car_CoP=57.949675;whisker_df=4.955309N;wheel_df=4.342443N;radiator_MFR=0.242796kg/s;inlet_MF_averaged_pressure=45.773899Pa;outlet_MF_averaged_pressure=23.574241Pa;pressure_drop=22.199658;cell_count=37529028.0,-226.047514,-230.389958,-10.074288,-75.629375,-102.01748,-47.629148,4.342443,,,,,,,,99.116,,,,,,,,,,,,,,,,,,,57.949675,0.912707,,,0.242796,45.773899,23.574241,22.199658,37529028.0,,,,,https://drive.google.com/file/d/10rUznVwxvlKsCRGfV69VygHCNOBCcIJh/view;https://drive.google.com/file/d/1_LV17Rjv2k2LZbIulpl5qUxbhAUlfKJR/view;https://drive.google.com/file/d/1Tev2IcAzYArJoaxjuV_WnYmBZTkoTo9U/view;https://drive.google.com/file/d/10r6lcR9AXBtENh94WR5tAaL52aaoPdi-/view;https://drive.google.com/file/d/1XrjHdLJv3-XzCpy_23YdGyr6t_ZXdYOa/view;https://drive.google.com/file/d/1n6FfyCcDXHeiHwUOJPgqkpmAssEsY6Io/view;https://drive.google.com/file/d/1L0scxSKdIbtsg8ejmyl1rowSlAs3uvfM/view;https://drive.google.com/file/d/1qCKYtInpBXlpoUSECxTxFRVcjUZjw0WJ/view;https://drive.google.com/file/d/1PZl97dE9FiWPdanZvoBmgVDllCvuhuKO/view;https://drive.google.com/file/d/1LvASzPABptDWsUE4qKyaIpUw3NH31vhN/view;https://drive.google.com/file/d/1OA5-PuMRBY6TH0erRc64xvF19Qu3OH6G/view;https://drive.google.com/file/d/1Nu4YSEGLFOqPKsspidy8hClpBJpckryZ/view;https://drive.google.com/file/d/1J5yKo_SX6Dr3uYVz3qTzYmK3l-leNAz3/view;https://drive.google.com/file/d/1lMVWyYg_APqKSoCUNa2qTv25utCvtmoZ/view;https://drive.google.com/file/d/1nxQ1G7Uq21KzkrCLzMLj6XhVTnQdSZ-U/view;https://drive.google.com/file/d/1IGKPatMgQhGsMm_DzUP6Z2O7GW7SQiFp/view;https://drive.google.com/file/d/1NFx42wNwgMm4sZfKWCO1xgZc2kWFnMvc/view,,4.955309
MT_UT_LowerUTwithTopSideWiderOutletFillet_Straight_20260730,post_MT_UT_LowerUTwithTopSideWiderOutletFillet_Straight_20260730.zip,UT,STRAIGHTLINE,isolated,20260730,MT,fw_df=-81.360704N;rw_df=-85.660626N;ut_df=-97.149373N;full_car_df=-242.688993N;total_aero_df=-253.506043N;full_car_drag=92.555467N;full_car_CoP_meters=0.765776m;body_df=6.751561N;full_car_CoP=48.620701;whisker_df=3.902195N;wheel_df=9.551322N;radiator_MFR=0.272364kg/s;inlet_MF_averaged_pressure=56.992275Pa;outlet_MF_averaged_pressure=35.713474Pa;pressure_drop=21.278801;cell_count=37517297.0,-242.688993,-253.506043,6.751561,-81.360704,-85.660626,-97.149373,9.551322,,,,,,,,92.555467,,,,,,,,,,,,,,,,,,,48.620701,0.765776,,,0.272364,56.992275,35.713474,21.278801,37517297.0,,,,,https://drive.google.com/file/d/11Ih2pvJNbznq_hM4Heh03XTMwGKneZo6/view;https://drive.google.com/file/d/1pZ22DGKPc2R7NdOBAsXecdssv4HApsJy/view;https://drive.google.com/file/d/125VhavhYwHDOBybNTD5fBIrLHFvBdpxV/view;https://drive.google.com/file/d/1XNjPiKR4X-f5nR_3ZEhl9TgblBqOvGW8/view;https://drive.google.com/file/d/1Xni3iLQ8Dbo9LaZD_9Sj_dQ9-zk599eZ/view;https://drive.google.com/file/d/16goplc-ngzXploAnC4Pvx4bicGsoEO3K/view;https://drive.google.com/file/d/1NJ8z5YKwG1A58cXiWCtwqDWPZKePiA9R/view;https://drive.google.com/file/d/1Uw1OCUOPASqR4qn689nEnT4dml2iI-6H/view;https://drive.google.com/file/d/1CWpZh3s4IrLgcJAJ17FaRaivbGiC1pZH/view;https://drive.google.com/file/d/1WFrevjcxca4aTSOx60XSj3L8jfluW9Il/view;https://drive.google.com/file/d/1Oe4cAbnJ2w4oH3rYMhzmeSaxDdBekppv/view;https://drive.google.com/file/d/11y06CjmoS_wJKFeu5JYJodqDf1TJ5cHj/view;https://drive.google.com/file/d/1xBPcQM7z9O4u1EivVau6RvEQBHSksttM/view;https://drive.google.com/file/d/11v1zm4KbQjDgDdTdJgQHL_AVsW5UeEln/view;https://drive.google.com/file/d/1hjFv_w1Q1S6FsA1CE1PKx_iHYNnEL3ca/view;https://drive.google.com/file/d/1EpKj4jNT4RwLB9OyGQeb-dToHPKg8Njp/view;https://drive.google.com/file/d/1e2th9EvwZh-Qwv_t2JgMY7w9JsI2f8zf/view;https://drive.google.com/file/d/1mY6Lkgb-agnWv1DXpyRawRe4dX9VV-AA/view;https://drive.google.com/file/d/1_jB1bwNpfpDGMglcplWpGxo6xdEQswhN/view;https://drive.google.com/file/d/1LehlhzKG0SPatbso8p8pOpAxDOMMK7x6/view;https://drive.google.com/file/d/147fSxuS_fWw30yWbuR9H-nW8Sf9HQkMj/view;https://drive.google.com/file/d/16x3ukXWbqGPV6wt0fyj9w0-bXlyQOif0/view;https://drive.google.com/file/d/1CvYwup_VQ0qxCREvyUIdhs66jdjcoLCh/view;https://drive.google.com/file/d/1UGa-_nZQCeh1pvSbZRBFmKgezDmpk0LH/view;https://drive.google.com/file/d/1F90MwCEvlBp_3Kalk4xdb-5JFXrXLEFj/view;https://drive.google.com/file/d/1xyA5-ncwc6ro552ki2eGvuimZj-LD50n/view;https://drive.google.com/file/d/1mEfO6i3z3fd_vgOCIJJU07p_vQwSV6vV/view;https://drive.google.com/file/d/1v1jcPVbAv-uacXsvmY1bwwNXCm0kM_lA/view;https://drive.google.com/file/d/1_viWI7t8iNN-WDG5OtEDGPFPhuar86gC/view;https://drive.google.com/file/d/1sEyRdLOmmq25hYSjSvFXG7jNuvW4S6En/view;https://drive.google.com/file/d/1HDJ7X36BcQ4VA0GP07_Y24CwSkX_bWt9/view;https://drive.google.com/file/d/1N5-bgOGmdhJVcm0jcBd3a8gmB9eArE5F/view;https://drive.google.com/file/d/1_3E__Py-dL2OHnmj3aC2r_w_dHCwULpE/view;https://drive.google.com/file/d/1R1Lhr5W9ZMkZ7la-Ai6Is8Vav1bCOW5y/view;https://drive.google.com/file/d/1QwBZESYuUlufj_X6piAQwU_PwxBMbFsW/view;https://drive.google.com/file/d/1BsZCZMgYpxQTleTidzwx4s4yeFivL-AB/view;https://drive.google.com/file/d/1ZxA-dXhewS_jTgE_vtXoy7GRn2d6onE8/view;https://drive.google.com/file/d/1SuieCZfNFHCBarVsvczqh9p4Bp1YDwM0/view;https://drive.google.com/file/d/1gxUmTsYXefmDhAZmI7c6Ryc5KbmXvVBl/view;https://drive.google.com/file/d/1iKmOjdNATgLWw_WdrUNgsT3MBKBig8pw/view;https://drive.google.com/file/d/1WDsA-OuYKHCt9-CRXvYg2DL5u0sQ7w1l/view;https://drive.google.com/file/d/1VzgP8nr2MgaY7VFWWnzxh9_GqU11HQvA/view;https://drive.google.com/file/d/1Y3qrcEHNSIy_tDvN8LvoY-kemvxIsJ-8/view;https://drive.google.com/file/d/1Uo3i_7ekz_GlD0f5gYN_VuCqge1PjpNb/view;https://drive.google.com/file/d/1FvNnf25oYLfL3H9fdKkzGMj8TlxzQ2Ac/view;https://drive.google.com/file/d/1cTs-1C9T7OKdej_q_qRv3K03Tg4TPQAR/view;https://drive.google.com/file/d/19Sut01kJfij3odWuU0DZL00_dSbhyGuN/view;https://drive.google.com/file/d/1-YFuph6OJVp4XSCAVMoPV0JAFpMCNfjw/view;https://drive.google.com/file/d/1AEOPfDItFJ00j91J3nPvgD2VaTCkWCKw/view;https://drive.google.com/file/d/18kPVF0RYp6JfqQaC0t5qfuzIdU6PPrUF/view;https://drive.google.com/file/d/1NDR-6HKBsyxRetJTW0Oe_NX_lPuxw8W0/view,,3.902195
MT_UT_UTextendedNoInnerFilletwideroutlet_Straight_20260718,post_MT_UT_UTextendedNoInnerFilletwideroutlet_Straight_20260718.zip,UT,STRAIGHTLINE,isolated,20260718,MT,fw_df=-83.421423N;rw_df=-85.085832N;ut_df=-95.197789N;full_car_df=-244.777714N;total_aero_df=-255.258473N;full_car_drag=94.509555N;full_car_CoP_meters=0.753766m;body_df=4.52675N;full_car_CoP=47.858177;whisker_df=3.914627N;wheel_df=9.655349N;radiator_MFR=0.263854kg/s;inlet_MF_averaged_pressure=50.415898Pa;outlet_MF_averaged_pressure=31.447866Pa;pressure_drop=18.968032;cell_count=37563963.0,-244.777714,-255.258473,4.52675,-83.421423,-85.085832,-95.197789,9.655349,,,,,,,,94.509555,,,,,,,,,,,,,,,,,,,47.858177,0.753766,,,0.263854,50.415898,31.447866,18.968032,37563963.0,,,,,https://drive.google.com/file/d/1kRq7GeEArnNBpXHRu7h-XDuY890TvAEw/view;https://drive.google.com/file/d/1f6myyG0ByslnFYiRoLQIW_8FUgG64FjT/view;https://drive.google.com/file/d/1J3DRsg20RuSV4vyuGl6AmjYoHvrrscmE/view;https://drive.google.com/file/d/1zAp8kh2c-6DDETeRYhVVdDtzm2w2fjKl/view;https://drive.google.com/file/d/1f3ktbKx3MU7SUomUwjlZXqBbHGoUw_Ry/view;https://drive.google.com/file/d/1Yup5YFjC6d5KCKIT_BHMXZmRGPUKAJvP/view;https://drive.google.com/file/d/1xpFrNYTm3bT6n0TydleYOJXtabCFd-Z6/view;https://drive.google.com/file/d/1r8Ggpc5u9Ac_-ssUJQunl0MRcXSP0Ihi/view;https://drive.google.com/file/d/1znZONp5D7NcwrUrAuYYsLRYbHtQxD95M/view;https://drive.google.com/file/d/1cKG3GBCyDrFp6ETTJLwzE3BGwExExl6v/view;https://drive.google.com/file/d/1e_MgJRRnCJzgCfTzUxITY08YiPmknCEW/view;https://drive.google.com/file/d/1RskZCnGzuGMMkDJHzG9FRf6MSQ7Peote/view;https://drive.google.com/file/d/1OviSRu0sz_MIN1jsOL-04Z9rjrKBVR8D/view;https://drive.google.com/file/d/1U_VhyOoHdnhAXl11enzUW8B0zvQj0Qxa/view;https://drive.google.com/file/d/1UtZiHiQIaaxUqc5nrA7sQOPimY4klqYp/view;https://drive.google.com/file/d/1usoPTWHdVef9X1zBqmQH3e7bx7TnycSk/view;https://drive.google.com/file/d/10EC9fR1Ha_x5y3Rwk4olI2ZUsScYtatN/view;https://drive.google.com/file/d/1zXvTIg9EvzejxZmHEQbDORwYsWdVdDRA/view;https://drive.google.com/file/d/1RePPwWcXaSqOwOnQGKhtNDgLt24H9atO/view;https://drive.google.com/file/d/1uY3m-OAHFXp_Sddeo4a_ByauzXgUlyCE/view;https://drive.google.com/file/d/1o9IQer5ul6zwZc8K_MxSXulDBFkL1pQ8/view;https://drive.google.com/file/d/1ANw7qD4E4NbrgpgnKYwXp7OzwNEWC74E/view;https://drive.google.com/file/d/1ndgEDjoOKor6--13sh1xYC2Qv24KliI5/view;https://drive.google.com/file/d/1qGbYTK7JhTk2zRI-vrPhPz-SUYD6KwlM/view;https://drive.google.com/file/d/1pZy-_DGItr64HA8vosRqoCqx_Y2U3r4C/view;https://drive.google.com/file/d/1PtTuzgZsnlwFByLV-0zjE3-8WQxL2onY/view;https://drive.google.com/file/d/1xSl3JhhIhMPUypfYtKXLkP_g6Slrqlg0/view;https://drive.google.com/file/d/1B6wFL7bPebBe2aW1y7ZVoJzj9YOUZ3nY/view;https://drive.google.com/file/d/1YaLcKWgzVfkWP11ujfXd_vlbPJGY6TvD/view;https://drive.google.com/file/d/11mYWp9QaRijzb4AyrkW7e7Yf4Vj9mMoY/view;https://drive.google.com/file/d/1m6tRFXaomy0YyiZfWhBZ92yGAHcn55gS/view;https://drive.google.com/file/d/1B5MN05KUq6jRtkz2gmDninAy0smhTNat/view;https://drive.google.com/file/d/1dvcq1WURNPE1JjB34Im7UrYV_6Og8HX2/view;https://drive.google.com/file/d/1Vl1YGcm7wBVRobIz-xyGrrAxBsHz33Mx/view;https://drive.google.com/file/d/1XUbDtqGQuiI8dnQ75BJ_Y6qPwKzqlaMr/view;https://drive.google.com/file/d/1zWs9ikDuCd9UgWQhmX6AygsIEOiJijmx/view;https://drive.google.com/file/d/1iScdzmjDc0W27msifJ0X2y6ctP9wuxa5/view;https://drive.google.com/file/d/1ggZEyM_Xb2_nTRBt7011Ax2hfKESKlpV/view;https://drive.google.com/file/d/1CM7KgSSmcLMTlKwN6wbMYuV502a-dwzS/view;https://drive.google.com/file/d/1412AU4wyUlcRcFnAo1NgWPujpS3tw0QA/view;https://drive.google.com/file/d/1KCSq22qq9aTNs5x6baApPKvy99C6SoHc/view;https://drive.google.com/file/d/11r2AHwLyTTohZPzvVvEf5K21wYV4ZYln/view;https://drive.google.com/file/d/1N0X1la7_wjR0xly9JEL3HKdaEDTHzouu/view;https://drive.google.com/file/d/1Gl4sOEfYWCT5y-Qz6XpvnBrOACDouZOL/view;https://drive.google.com/file/d/1bwMVY8pXaEnXRUePhhMouZvGF5Z740bJ/view;https://drive.google.com/file/d/14vORhHDEQ9kmDsFUA_QsA6DBU4p47j-v/view;https://drive.google.com/file/d/1P7nd_V5jhldHNiDzQcagP_is4tSN-ftj/view;https://drive.google.com/file/d/1TXQcmCHBdJooOnIfh-fTo4D20-btC_Dv/view;https://drive.google.com/file/d/1Z8xysqf1TzPKrySMEMgfJkZE0HNuVfMS/view;https://drive.google.com/file/d/1P5vuQD7W_0UJurVhfMj-58EgNMSmpJzM/view;https://drive.google.com/file/d/1qdYOb-_bvauxY1o6_-ynEKMP_8rTDciJ/view,,3.914627
MT_UT_UTextendedNoInnerFilletwideroutletMaxIterations_Straight_20260729,post_MT_UT_UTextendedNoInnerFilletwideroutletMaxIterations_Straight_20260729.zip,UT,STRAIGHTLINE,isolated,20260729,MT,fw_df=-82.444903N;rw_df=-84.673293N;ut_df=-92.556142N;full_car_df=-241.333097N;total_aero_df=-250.160446N;full_car_drag=97.862519N;full_car_CoP_meters=0.753573m;body_df=5.505465N;full_car_CoP=47.845906;whisker_df=3.912408N;wheel_df=7.578721N;radiator_MFR=0.270172kg/s;inlet_MF_averaged_pressure=49.614683Pa;outlet_MF_averaged_pressure=29.774243Pa;pressure_drop=19.84044;cell_count=37562255.0,-241.333097,-250.160446,5.505465,-82.444903,-84.673293,-92.556142,7.578721,,,,,,,,97.862519,,,,,,,,,,,,,,,,,,,47.845906,0.753573,,,0.270172,49.614683,29.774243,19.84044,37562255.0,,,,,https://drive.google.com/file/d/1QGabMcyA2R-XHicyZYMxBpcq3-855SEm/view;https://drive.google.com/file/d/1eImq2o6yLWQXAwU96RpL3pT_7MLUgNg2/view;https://drive.google.com/file/d/1BSqK-qvNcvgHQJej6GK-Fozt74eUmMNt/view;https://drive.google.com/file/d/10txwPrMnPpZJYyXBB1W8JSlKSFS6BonV/view;https://drive.google.com/file/d/17J6nZnycEFHuW4yJ89mSs7tNKKzp6A6q/view;https://drive.google.com/file/d/1wGfEQOaqe43UgFdnWDmChLN0dg-_YF2X/view;https://drive.google.com/file/d/1_ErcR0lfl0cNJP5Pv8rYGLVfGv6H5cbF/view;https://drive.google.com/file/d/1K4HYeHJUjg5bNGx4jSiZqe1AjoOlbRW9/view;https://drive.google.com/file/d/1Brus3Vk7C_Dce-SxzSfu3RiwI4GOYR3J/view;https://drive.google.com/file/d/1MpA2aovzh2ArVFo7MoTRHPpbO-OiSGlS/view;https://drive.google.com/file/d/1ksjsMmdC5sD7Y4PECLj1KjzPJCO39Lbv/view;https://drive.google.com/file/d/1nakH2iYfSW3agg3v9JyZE4fFx1rXGeBm/view;https://drive.google.com/file/d/11-plF37AfnrQU_wqB_XpU9iK0QY4FX-0/view;https://drive.google.com/file/d/1E-FhWViO29BPO2gLG3SUxQBCXsjiPuYh/view;https://drive.google.com/file/d/11D4VApm12OtJx7KSLdIa0K_-hrT3uT22/view;https://drive.google.com/file/d/1XiC6b8oDwNbtt4Kv-GO2chrclasjosv_/view;https://drive.google.com/file/d/1rfFFRM17sAprMtgzK5kuDMossbBpJhk4/view;https://drive.google.com/file/d/17TrO28PN3HxYAg20CZ5Jpx_dJoLKht0f/view;https://drive.google.com/file/d/118HjikmR1JuALmyNq3Fi-kWWEdxyuRFJ/view;https://drive.google.com/file/d/1FHEDwJIf-vbVxxls1LUrrg51nzHlvzHS/view;https://drive.google.com/file/d/1kn1XFDHp1Rq8q_2NrMNbEIDDcC5uT2Mq/view;https://drive.google.com/file/d/1eFBi3-ECQIAR2fv6dXPKfkekP46-MVuH/view;https://drive.google.com/file/d/1vtzSbO24q6NGiJ4c2x1ScdicYZZpb_0w/view;https://drive.google.com/file/d/1MOy6LPJTgutHIMi33Kav2S6ljqJE2oFd/view;https://drive.google.com/file/d/1MZ-4_ByElbGJbGoGkW8PnJiswrv5_MUp/view;https://drive.google.com/file/d/115YlkPN_871V6nn4qfkfLfr_1g9Ou5_Z/view;https://drive.google.com/file/d/1OBulDJGkfBZ2dZxpbl0MWZfxtm2Syb88/view;https://drive.google.com/file/d/1mLnknSf2U3axkHQwcAMPEGl_uae0WN3D/view;https://drive.google.com/file/d/1UvJPSmSYZgB5rPZUHKazDlL0IHjgt7T4/view;https://drive.google.com/file/d/1_gkqvAhd84XyJ-eZ5NujIs322W00rjVR/view;https://drive.google.com/file/d/1FZrZY_HjaTen9zjr8fPeNbmW-ivZMiMT/view;https://drive.google.com/file/d/1ppe9lMQ2l1uCJg0ND5ZwuGGnKHMSvC4L/view;https://drive.google.com/file/d/1F_k7TP4vAhnbJSEXnaSsCLmeEADf-eo3/view;https://drive.google.com/file/d/12VQeS8-1yGaUVZqoAeIOBgs7-4aKoLzo/view;https://drive.google.com/file/d/1viyWyIRXNe2VrfxmG2CNM41CF-ZscQoo/view;https://drive.google.com/file/d/1SFyK3sCLcnTBhecDdXY0RWg_WUIeYaLH/view;https://drive.google.com/file/d/1ryvxvko5Trvm8xjiF_yemBepM4GksyXm/view;https://drive.google.com/file/d/1iwZXX11mfxOdH_h3arBtQcp6ZEvJCDZD/view;https://drive.google.com/file/d/1Wl8lSYCYA3sME36t0PG0NLiRD5nXeC2h/view;https://drive.google.com/file/d/1pV6U7qhL6BW4cQsFmwgDtcPOWTPWBgv1/view;https://drive.google.com/file/d/1MbC2dzPWwgkXxzqd4aeODoV09PUuQwXA/view;https://drive.google.com/file/d/1qhrYF6A0jzBFr_dF-_CwK3jvmAGyKTYB/view;https://drive.google.com/file/d/1C9zf-FOWncrErbX1ggc8q8JWINWJrZtn/view;https://drive.google.com/file/d/1KnT8JozOVYEtol4Wuz1xUWWZuyglYMkx/view;https://drive.google.com/file/d/1Sk5tUrQ9neuKmdysW5_-kKrSs0n2vBwC/view;https://drive.google.com/file/d/1wiuz5d6AGWHvxCEHkkcnohox5Oi5N4ZE/view;https://drive.google.com/file/d/18nt-SU7Auvj3yoNHHFlcQ4JaTmOOAM23/view;https://drive.google.com/file/d/1OZ0vwztQB38U2Wi9WOz6TMpPKaDxs3uU/view;https://drive.google.com/file/d/1AhV0CEXD_C9IYxWTQG8rgDVxLqL1qIB5/view;https://drive.google.com/file/d/1l7a7GGlC50ynN9lmGS_4XolDdcQ1lCyJ/view;https://drive.google.com/file/d/1QLurn2TZFs-ba3GcnB10gq54UMrhqCQC/view,,3.912408
DY_RW_b26baseline15_straightline_20260801,post_DY_RW_b26baseline15_straightline_20260801.zip,RW,STRAIGHTLINE,isolated,20260801,DY,fw_df=-79.069825N;rw_df=-73.856001N;ut_df=-38.338942N;full_car_df=-191.366487N;total_aero_df=-201.950124N;full_car_drag=79.474342N;full_car_CoP_meters=0.748103m;body_df=-14.802816N;full_car_CoP=47.498578;EL1_DF=-55.711998N;EL2_DF=-15.519103N;EL3_DF=-4.561182N;Footplate_DF=-3.277541N;FW_CoP=-0.651964m;EL3_CoP=-0.321693m;fw_drag=7.743117N;EL3_Drag=2.560437N;whisker_df=4.117461N,-191.366487,-201.950124,-14.802816,-79.069825,-73.856001,-38.338942,,,,,,,,,79.474342,,7.743117,,,,,,,,,,,,,,,,,47.498578,0.748103,,,,,,,,,,,,https://drive.google.com/file/d/1aorzn-o4AWZf43ZM0BdJ6FptsSeJu1Mf/view;https://drive.google.com/file/d/1hgfUil2Y_wZUMRm5CeoHXInblYRkwl6P/view;https://drive.google.com/file/d/1ftsZpKnFGb_jkz65zZstbklFoG4TT6fq/view;https://drive.google.com/file/d/1AhJNyizvi4bl5Hm_0AzJ_t6D-eqiqdCd/view;https://drive.google.com/file/d/1Gx0LJZUt-34OD07OZewTucCyB64JDFYt/view;https://drive.google.com/file/d/1TEvZy9OBrk4qs8egs9TA53Hw1PUGE6ln/view;https://drive.google.com/file/d/1Ips5BFHnHNOM6sO2ylWkbx6KukoS3Kv9/view;https://drive.google.com/file/d/1daUfs4vhfsMN1wjswqpe6s99wv2JK_ec/view;https://drive.google.com/file/d/1_m7Pfmzcqb3DRPSSoLZUiImZCgYMGPss/view;https://drive.google.com/file/d/1Vi9ZIiP946wj9vCcybk94Ka3yJ597hj1/view;https://drive.google.com/file/d/1-984WO8FTUkBIGP2Ys0D_aZFF_-rmT58/view;https://drive.google.com/file/d/1q_K643ejKWAcaQBWyiPYA-WmESPBKkcH/view;https://drive.google.com/file/d/14NkxYj2VnCYK_A0TByK59BpV7VCm59L8/view;https://drive.google.com/file/d/18YiHoaPY2N3L9Fj61uB0moevD-RP5k3a/view;https://drive.google.com/file/d/1wuhwFxdXRYVn3fLrvKrgxgAJY5TJf2A5/view;https://drive.google.com/file/d/1Sh-uRJFlKU1yeK6U8LkWqOvk0Bkd62G1/view;https://drive.google.com/file/d/1oB9y1jp1i-CFNcSE9zO-jdg4RTWYDBIb/view;https://drive.google.com/file/d/1HWqPaCHLilntq1rv4xQQds29a_ORoB9b/view;https://drive.google.com/file/d/1X3BAUl96S_Lu51Q4EfCg9wa4fJ7nsDJf/view;https://drive.google.com/file/d/1KTleF3raiRyzQmCBE-BgMuKZMo_rY2UX/view;https://drive.google.com/file/d/1pWieL0-0XHg_t8b0GDEzwgeyJhsw7PP3/view;https://drive.google.com/file/d/1ISvOqJqM4ws3M_4VGZWw4FznGr-vM7VT/view;https://drive.google.com/file/d/1iQJnNhdfhX92WFH5h13QxQE8o0_Hq5rt/view;https://drive.google.com/file/d/1vzqoSIJiJRDB8bZiJsWz491UXH7TUiIr/view;https://drive.google.com/file/d/16QHpaBIasHlceMJn1t21Tu-8KAvooGNe/view;https://drive.google.com/file/d/1grZm884eOoLxqY2ohY6geInVt6Mt-oPd/view;https://drive.google.com/file/d/12-XdBhf2TQXvDQ09OWx4H9SsrCZcm_da/view;https://drive.google.com/file/d/1HTeYCXoBzj5vDNZ15vo6N0e_bWrb9W-H/view;https://drive.google.com/file/d/1DsbQ2PYmqj6PZmdrgUu5n6GxgmUTzeLj/view;https://drive.google.com/file/d/1stao5RSrffDAM4pvgLrVl_Tn-RD1CmjW/view;https://drive.google.com/file/d/1ife4nFPiHq5Hxg19SZMKwN5e1IwtdtJ7/view;https://drive.google.com/file/d/1a0vqQpdNq5A_01bhE9cvBL1Zu0Ho3Flf/view;https://drive.google.com/file/d/1T9_xSc4oDlTHMRutBCZfoVMTQUA4kXfK/view;https://drive.google.com/file/d/144oDoe022kwR2Z-IOLzcjCuMuIg505Sc/view;https://drive.google.com/file/d/1yt3EWiRY-LIBnx4SJ6oBGBmZLca_VQ5m/view;https://drive.google.com/file/d/1b9IkeFcl5Kq_dO8njDG-uG8AK5FqNlIz/view;https://drive.google.com/file/d/1nBrPfmgqQSrc0VTvwhu5Ruy_O68yBHvz/view;https://drive.google.com/file/d/1keeRZW-8ovfKo_IVTrjKlscWHjiUgo_o/view;https://drive.google.com/file/d/1s1JeMlRkYKq-6yUtfvmeWh-K5g6sayTr/view;https://drive.google.com/file/d/12disWr1o6EPRa5Yh4gVAgnxB-r0efQSX/view;https://drive.google.com/file/d/1uwxNojjmlDsf_Fs-hmje0OgNxgQcOyjc/view;https://drive.google.com/file/d/1EOTgblGaw-EvgbDNu0_FIinE3vNNZN95/view;https://drive.google.com/file/d/18N368pfZj5AWRw0ZfTcHwkj5ceFuLkZb/view;https://drive.google.com/file/d/1IKrOGyFETSMqBm0cw6hjoNs4fAgoirVW/view;https://drive.google.com/file/d/18U_3ycRCfDOEbmnZ_CACqVxL6z65SfVV/view;https://drive.google.com/file/d/1zDPzxAtHGS7i7Gecu_RhVJw70NodQeTH/view,,4.117461
MT_UT_Variablefillet15ms_Straight_20260725,post_MT_UT_Variablefillet15ms_Straight_20260725.zip,UT,STRAIGHTLINE,isolated,20260725,MT,fw_df=-82.835029N;rw_df=-82.694365N;ut_df=-78.199841N;full_car_df=-223.328787N;total_aero_df=-234.406804N;full_car_drag=94.177635N;full_car_CoP_meters=0.75565m;body_df=5.287944N;full_car_CoP=47.977747;whisker_df=4.014688N;wheel_df=9.123221N;radiator_MFR=0.256522kg/s;inlet_MF_averaged_pressure=45.103445Pa;outlet_MF_averaged_pressure=27.644708Pa;pressure_drop=17.458737;cell_count=37571376.0,-223.328787,-234.406804,5.287944,-82.835029,-82.694365,-78.199841,9.123221,,,,,,,,94.177635,,,,,,,,,,,,,,,,,,,47.977747,0.75565,,,0.256522,45.103445,27.644708,17.458737,37571376.0,,,,,https://drive.google.com/file/d/1xIgFhI7RUQB6W-3tdiy6kLzmygQPdko_/view;https://drive.google.com/file/d/1vaC0G4rR7xiAQUtdxdid5sCnaZGz0vki/view;https://drive.google.com/file/d/1Q21bKP3QP7Ln-1JKdDEs7PxQO5ZprfFo/view;https://drive.google.com/file/d/1nwZojmfcQHsvFTh8j7Zc9sUWoWxwzUS3/view;https://drive.google.com/file/d/1r5EsF2KNbnW5CB_6K1liH98jcN1Tzcph/view;https://drive.google.com/file/d/1mOWcF_7EtCQQnfhvQnBhbNrviQI_FaVY/view;https://drive.google.com/file/d/1h5BbtcC01IaAa2jVjxseAWNztnjv0BAJ/view;https://drive.google.com/file/d/1QP5j_U_XJniQiATqhsrK5CK5aK2RFDYs/view;https://drive.google.com/file/d/1rU6_OrZJH3Svz6ji-Q8cYhDhjVN_rrDw/view;https://drive.google.com/file/d/1wxwrOowtlJkQLYFl6vMO-Gpclij8Kt9v/view;https://drive.google.com/file/d/1fgenp23MlW7NEwiBUx457znO-2mj_gN1/view;https://drive.google.com/file/d/1VAZbRCzK5TpbGGu3qMKAJvMId6R3YsIv/view;https://drive.google.com/file/d/1YBacSAfTV77Vz3jK5j7JP9uNLaSuQn3y/view;https://drive.google.com/file/d/12Iqun0T7z1_o6Iy5IK6o45NvutVDvPmO/view;https://drive.google.com/file/d/1wfvN6M7c7W5PTt1E5mXC7t02jwgVVuh6/view;https://drive.google.com/file/d/1kiTs2NmMyKTeJYqdhSIERzp8NCcwFjn-/view;https://drive.google.com/file/d/14hDarPwc9f6zN7D4NiO5vjYxxSYKINZa/view;https://drive.google.com/file/d/1D1tTzsPj7CB42hNktPOHcx8SGWYHZlmc/view;https://drive.google.com/file/d/1DVtKySTLK6nQ1Hjr4PPJcY3_9prJ6R6w/view;https://drive.google.com/file/d/17WXRd1hmfql2P_D2_kqW3uMcvGGH3cWx/view;https://drive.google.com/file/d/1Ox0ElEBTsi75qoVWvq8aeuEZ9DABqCIL/view;https://drive.google.com/file/d/1C7fwFTfqQknWCSJhJxAjiskhHhDfEb2w/view;https://drive.google.com/file/d/1fPIevyBp3Ho3Ky0iSKkMWGT58OMkbE5-/view;https://drive.google.com/file/d/1w4BDSM38lCStV18iqGHotqZJbKTH7WF1/view;https://drive.google.com/file/d/1YsxJVIb9ZAwgq_5AkrGo2X66E5COMEjT/view;https://drive.google.com/file/d/189OV_2gLPo1FKC80NHoM3I0IgBP9hWpT/view;https://drive.google.com/file/d/10znu81jg-zQ6bvPf5uPGPjx8Srcc5mgu/view;https://drive.google.com/file/d/1CxKZqYra6xZHoGyVxt0NSid0q3_ndG3Z/view;https://drive.google.com/file/d/1O0LVofwWRkTTUu-Sg0z2aPGUL7olyEoC/view;https://drive.google.com/file/d/1tjFWC0JTIoMumtEwvcgmK9HFR-UF5L8Q/view;https://drive.google.com/file/d/1EBMvVPaR93-oLamwsbAwkm9vuLOOnGdG/view;https://drive.google.com/file/d/1iasgBDHe0Lf_Hf6Xr1QPhuN89lGdClcm/view;https://drive.google.com/file/d/1kI3e3GRD6LM3dplEV7HdrNyqpgUQAoe1/view;https://drive.google.com/file/d/1GIGS5ulgheDXRs3ms4-9Pa-CENxKfeMK/view;https://drive.google.com/file/d/1eZGwwViZPE5MR7R8Dr3thCgMtURSbZzk/view;https://drive.google.com/file/d/1jqPyLxgKutRIfWtFuE9TNbOkgT3qo6lV/view;https://drive.google.com/file/d/1TMW9owIhcdsfBSKtCWWlaE-yS7hEALEP/view;https://drive.google.com/file/d/13UNYqbKy1QIOdWDBsHQk_X7e2YZCrDw3/view;https://drive.google.com/file/d/1-KxO7Yja8YUShaCPBqaDiykgr0l32BdE/view;https://drive.google.com/file/d/1J4VoLqUMi-bHfgagm2jfDLCZxstmUH_i/view;https://drive.google.com/file/d/1fa5vtHgFw-03v7xDUX4YzV2hPEsbCt4n/view;https://drive.google.com/file/d/1sOQrcYQNapi2AkGd24r9P7ut8oj9VnCB/view;https://drive.google.com/file/d/121vX4U0TVsWl7YE4VJF65f3ZoEwCPIOA/view;https://drive.google.com/file/d/1JGtDb08mJsVewG1900T8EG7r-Qu3DOzD/view;https://drive.google.com/file/d/1H3UjeTQyIp_Wj78WFcE5aLy-5y7ZB9Rw/view;https://drive.google.com/file/d/1kgB_0KC-jdK5P8ZvpwHKgCZVHy3h_htV/view;https://drive.google.com/file/d/1MVc8o3neOK9V_QEmzhiF6BOsc9YIN_L7/view;https://drive.google.com/file/d/1F64UtyUqHNLyHcIsuujcbzf1sVDbnQfI/view;https://drive.google.com/file/d/1TY7RrA-W64-qbLTuiKbeKibUHmimYCCL/view;https://drive.google.com/file/d/1D7040kIh5neUDVAxSrqYgvLW-nn2H9JB/view;https://drive.google.com/file/d/1AKjucSnnx6C_gImjJdKsmkd48I2h1IbH/view,,4.014688
DY_FC_B26Baseline_straightline_20260802,post_DY_FC_B26Baseline_straightline_20260802.zip,FC,STRAIGHTLINE,full_car,20260802,DY,fw_df=-79.069825N;rw_df=-73.856001N;ut_df=-38.338942N;full_car_df=-191.366487N;total_aero_df=-201.950124N;full_car_CoP_meters=0.748371m;body_df=-14.802816N;full_car_CoP=47.515596;FW CoP=-0.60795m;whisker_df=4.117461N;wheel_df=9.84506N;body_drag=21.79921N;wheel_drag=7.6722N;fw_drag=7.743117N;rw_drag=32.688869N;Total Aero Drag=71.802142N;full_car_drag=81.627197N;ut_drag=10.084337N;Whisker Drag=-0.513392N;RW_CoP_meters=1.707325m;UT_CoP_meters=0.823118m;Body CoP=1.039316m;full_car_CoP_meters=0.748371m;Whisker CoP=-0.60795m;Total Aero CoP=0.718577m,-191.366487,-201.950124,-14.802816,-79.069825,-73.856001,-38.338942,9.84506,,,,,,,,81.627197,21.79921,7.743117,32.688869,10.084337,7.6722,,,,,,,,,,,,,,47.515596,0.748371,0.823118,1.707325,,,,,,,,,,https://drive.google.com/file/d/1KUrtBoCNC8XtpSSwg6qzLzSwb7alkOHR/view;https://drive.google.com/file/d/1Fct63VnO2o3MTJIKe65fvd0tgnnb-Qxs/view;https://drive.google.com/file/d/1pOcKwCm01Y9hE7s7zlXArhZsvh4xSX2S/view;https://drive.google.com/file/d/1HREIKkK0ZiNAMCUMxYyU7SAi4dAjJ_0e/view;https://drive.google.com/file/d/1XojCICVxQdvziLtcgg-Z4mhpyeWEXTnU/view;https://drive.google.com/file/d/1EXSr3jAaU4lTOyAdB3pG5yI2OpwzLTwe/view;https://drive.google.com/file/d/1HMVTKe-wzw29diaPl4f5txX6FLCFoS3o/view;https://drive.google.com/file/d/15xkN-jYUzahWT-pWPenVOIsIqQ9ZY0Sh/view;https://drive.google.com/file/d/1iIHiKY6XeILwCQts_VmZykup2k9if-I-/view;https://drive.google.com/file/d/1litiBIF6r1Jpe4ABH9dx-nhPyRJZgxyZ/view;https://drive.google.com/file/d/1_Gxn_W51Q44n7p1_OMDlbOySJoYV-isF/view;https://drive.google.com/file/d/1b0aTODHyivc3wSfrGMoYF_TXd9eaxi0T/view;https://drive.google.com/file/d/1LrQmStnmD-rVHIoZjkDOHf6znaiKRS3s/view;https://drive.google.com/file/d/1-vakfRkbODNo_gz3wngLBcCIkHfX_sEo/view;https://drive.google.com/file/d/1Kii52XPj8cASrGsi7vlPQr9LcCI0eF8s/view;https://drive.google.com/file/d/19mTjK5BARmLouUrVXnMb0gQmdNm7EhaF/view;https://drive.google.com/file/d/14d-pv1v-NE8FS40Kv9hyWRnK31orEoPr/view;https://drive.google.com/file/d/18mzQ5T4_VBuundWRzj2zzVd9fyTBPp2g/view;https://drive.google.com/file/d/1tNeweVws0H7fVT9osRRhVn2h2jkjJUqo/view;https://drive.google.com/file/d/1jxSF0a1gTq_L9Re_mJSUnVGKSLXXAHcS/view;https://drive.google.com/file/d/1gFDtIUPWq5rvi81gFUJtbzeZvqA8H2yG/view;https://drive.google.com/file/d/1T4TiM9tGnzo7aRVLHiWPEZplKeUhYUcW/view;https://drive.google.com/file/d/1r69HnWIMIg8Dtfzfr-7P-PoIaiVaRUhi/view;https://drive.google.com/file/d/1O6nNr3ckocLRmmtTftyXiMSYtPVTUqtH/view;https://drive.google.com/file/d/145AXdy4e33F_ruuqYUvNMRawrfiZiI7F/view;https://drive.google.com/file/d/1nly877ZIJnRm6K-rIYfKCCMA7ZxT8yfC/view;https://drive.google.com/file/d/1iFpBzOCvWC_OWRilFj__zpe9-K3qYydL/view;https://drive.google.com/file/d/1deA1Mg1sGQNyFya0M2OYf-i5FzQFBfa6/view;https://drive.google.com/file/d/1O2d1uk3wRSFdSHyVFFIvs3oNyUWu4FrK/view;https://drive.google.com/file/d/1--Qr47TuvITK-EVbJBsJ-cV0vjAcM23Z/view;https://drive.google.com/file/d/1-XCCquwDax0YFpgkZ38fmzxOfsEzhGSR/view;https://drive.google.com/file/d/1fQEmqY1WMQLdXSCbo1We-JSE0PQULzFg/view;https://drive.google.com/file/d/1VElwsyU0GIlRWnmtTuXOCUl4ZfmPg_zF/view;https://drive.google.com/file/d/10rNin-GAy0C7ZVt-nrxk4aDGyFY0X_2E/view;https://drive.google.com/file/d/1Qufil89GLByORpJqjqoRYhafn9fLbHTn/view;https://drive.google.com/file/d/1xESEFJvdSv3sbXMQmcTBpJQ-noh3Mxtd/view;https://drive.google.com/file/d/1w0VryZslov190c55-F41DvmRIX1dpT_B/view;https://drive.google.com/file/d/1A14DQYTJnQaTKfR5IOeE6j_MjI18j-A7/view;https://drive.google.com/file/d/18vlSpRZDswH4NuFdTU6l1of3rPB1exkU/view;https://drive.google.com/file/d/1LCNWZCD0mtBLQtYARQ4-aNs9K0eqsMqH/view;https://drive.google.com/file/d/1mTAr7EXN-hjcqkAaaHpayuxEKQ9YShck/view;https://drive.google.com/file/d/1zy6NrdWPjnyAbxpv1cY17K_q-BPV2_0F/view;https://drive.google.com/file/d/12njt__oWdOODrcSuobpYd3jvNYhplbSJ/view;https://drive.google.com/file/d/18UDgkA3qvx8lcEe7YZoo5Y6XNM8CWSm2/view;https://drive.google.com/file/d/19gCy-Rt2CtCvpiaSvq_Q3TCfZdkLGHpS/view;https://drive.google.com/file/d/1nF8t86JGXqQNH7UGuuMKfaET7rgySXqo/view,,4.117461
DY_RW_v1originalBend_straightline_20260801,post_DY_RW_v1originalBend_straightline_20260801.zip,RW,STRAIGHTLINE,isolated,20260801,DY,fw_df=-75.285675N;rw_df=-101.380279N;ut_df=-45.011125N;full_car_df=-221.407356N;total_aero_df=-226.464861N;full_car_drag=100.338205N;full_car_CoP_meters=0.9108m;body_df=-9.449292N;full_car_CoP=57.828544;whisker_df=4.966733N;wheel_df=5.057506N;radiator_MFR=0.0kg/s;inlet_MF_averaged_pressure=0.0Pa;outlet_MF_averaged_pressure=-34.244065Pa;pressure_drop=34.244065;cell_count=37518534.0,-221.407356,-226.464861,-9.449292,-75.285675,-101.380279,-45.011125,5.057506,,,,,,,,100.338205,,,,,,,,,,,,,,,,,,,57.828544,0.9108,,,0.0,0.0,-34.244065,34.244065,37518534.0,,,,,https://drive.google.com/file/d/1wpN8wqaYA3piwieUfucJSqHBJUU_SftK/view;https://drive.google.com/file/d/1PYNK01rsVdDGxhOPDl_IoAeQbxybtwXd/view;https://drive.google.com/file/d/1ji_rMQoOqhMfi1dGBZYsSC5ZfSb7nLu9/view;https://drive.google.com/file/d/1UbxD_1xAsW83xdclDDO6AfH32uBZ6non/view;https://drive.google.com/file/d/1u4lCVtqpMnOBATxXxLJzvE759FDxSzth/view;https://drive.google.com/file/d/11hOOkMou_tZnMEoD7JRo33Y2XiT3FWbp/view;https://drive.google.com/file/d/1MLV5HFFrEyJXAnOf8ZNvuwQHJ8k7UWz2/view;https://drive.google.com/file/d/1fxzgrM_4WMuUvmW6jA73pYtk1LijEh1b/view;https://drive.google.com/file/d/1EpaTxVlSmmQy5p9Wr_eqIweM94RHixV0/view;https://drive.google.com/file/d/17YZRoncAE8w9LBT4ko2GSUJ53Raz1X3U/view;https://drive.google.com/file/d/1QPxkf2BJSextbbszihInjXdcMDMgQStL/view;https://drive.google.com/file/d/1yB2MyOEeHADnR9rgx385ZdWzm9vOLa-y/view;https://drive.google.com/file/d/1yQdbOn3AP1tmEEcF507ZdpMM9k5R49qr/view;https://drive.google.com/file/d/1oIR-iaSx0BoT-wSSxZxxjQrVJHZXlwmm/view;https://drive.google.com/file/d/1ANRJN8-raQ8C37MiJyN6GQHA2S8wlIM3/view;https://drive.google.com/file/d/1eeqm3yzsQiS44v6udQzzq3mKVxcBob8k/view;https://drive.google.com/file/d/17M91vIQ1VxCKm3HoE9iFvlpxOoFfGw32/view,,4.966733
DY_RW_v2parabolicBend_straightline_20260801,post_DY_RW_v2parabolicBend_straightline_20260801.zip,RW,STRAIGHTLINE,isolated,20260801,DY,fw_df=-75.117832N;rw_df=-101.918233N;ut_df=-42.930673N;full_car_df=-218.904579N;total_aero_df=-224.088141N;full_car_drag=99.021839N;full_car_CoP_meters=0.914215m;body_df=-8.743346N;full_car_CoP=58.045387;whisker_df=4.991973N;wheel_df=5.183562N;radiator_MFR=0.0kg/s;inlet_MF_averaged_pressure=0.0Pa;outlet_MF_averaged_pressure=-33.685481Pa;pressure_drop=33.685481;cell_count=37495306.0,-218.904579,-224.088141,-8.743346,-75.117832,-101.918233,-42.930673,5.183562,,,,,,,,99.021839,,,,,,,,,,,,,,,,,,,58.045387,0.914215,,,0.0,0.0,-33.685481,33.685481,37495306.0,,,,,https://drive.google.com/file/d/1upnoi9mwE4NivUSsRlkLFL0aqXz-6_bo/view;https://drive.google.com/file/d/1MxUpS2ZvupK5y3NTMf5H001jVzdUq6lT/view;https://drive.google.com/file/d/1HNptARiCNo8np7_DyagCME8fAaTkiN1I/view;https://drive.google.com/file/d/1maEux6rnUk0fXz_aCbMy21bi5_8WVbFl/view;https://drive.google.com/file/d/1E3R7xjvt7b6rWgmjHVwsmo1DYfuwrram/view;https://drive.google.com/file/d/1xO6oQN_SW48LBeejJm2saousUDEOCxkX/view;https://drive.google.com/file/d/1J3xtV5Xm8m7DTU0jZo_Ye6zxeYiVqzeQ/view;https://drive.google.com/file/d/1KIMwuNA1NCklGfXmSBuBIv_W2I8zttEP/view;https://drive.google.com/file/d/1klTP3YivL73pqYH2z1uL9UMVomqAEW3z/view;https://drive.google.com/file/d/1MzxfRhUDvtkMtor3ULPUSK1VY6Dffl4z/view;https://drive.google.com/file/d/1gWahCPoKKiIk70MpTidRqpBfuOajn9kE/view;https://drive.google.com/file/d/1a32UvuhhdYF4B0bnB3_joQr6qVPYsr5i/view;https://drive.google.com/file/d/1TXQFHocXZmF8x9ug9Zd0EVGTioVMfDtu/view;https://drive.google.com/file/d/17Reiht7gRS5Ex8aPCQV_dBiO-e9A7_Oq/view;https://drive.google.com/file/d/1wFUy1HLqh1iUmZdAIozSIlLxbOysb8eK/view;https://drive.google.com/file/d/1xXai6kbASPLqsjxZUx2-iQ1jo0bUYbjS/view;https://drive.google.com/file/d/1aLtPvmYbTM1fXhbKYmHChizop32cJopw/view,,4.991973
DY_RW_v3hybridBend_straightline_20260802,post_DY_RW_v3hybridBend_20260802.zip,RW,STRAIGHTLINE,isolated,20260802,DY,fw_df=-75.599669N;rw_df=-102.635814N;ut_df=-42.984946N;full_car_df=-220.700083N;total_aero_df=-225.800308N;full_car_drag=101.85748N;full_car_CoP_meters=0.9222m;body_df=-9.24953N;full_car_CoP=58.552349;whisker_df=4.978348N;wheel_df=5.100225N;radiator_MFR=0.0kg/s;inlet_MF_averaged_pressure=0.0Pa;outlet_MF_averaged_pressure=-35.574073Pa;pressure_drop=35.574073;cell_count=37511559.0,-220.700083,-225.800308,-9.24953,-75.599669,-102.635814,-42.984946,5.100225,,,,,,,,101.85748,,,,,,,,,,,,,,,,,,,58.552349,0.9222,,,0.0,0.0,-35.574073,35.574073,37511559.0,,,,,https://drive.google.com/file/d/1KnVl_tc8YCsBPB_AhLxjcwBPDLTJCGoJ/view;https://drive.google.com/file/d/13E7b4xUNzk_lC2KSQKdKR119yBR4Mg8k/view;https://drive.google.com/file/d/1EyfI1moFJdKv8H0ZyElPKHKZ0bO9r04A/view;https://drive.google.com/file/d/1IbygbfllWN96KyEB4N_wywPC8cKd8wK8/view;https://drive.google.com/file/d/1qz1SsK5EcFxQdhWgHhmbe5AdNCTZysMZ/view;https://drive.google.com/file/d/1_6heclb65fROT9pn-0Mafa4xcjPu5kUS/view;https://drive.google.com/file/d/181KU31mQmih-6lVEXSgCnnGkxgwNMd0E/view;https://drive.google.com/file/d/1gisSUOt_6QdIgn-s3rhZPerCjCFzkvYz/view;https://drive.google.com/file/d/1iyuGkUVWa2Eol74aTNFTQlHCoz3Jdf8g/view;https://drive.google.com/file/d/10ywM6-wZZ0HpDSGf4cDtKJFoPfdPshAw/view;https://drive.google.com/file/d/12YGg93JQiaDlMNlDzoKfxbwL1rMsHZd7/view;https://drive.google.com/file/d/1R8Dc92CODYnrRQwl47ZRZONFoW9LnXEw/view;https://drive.google.com/file/d/1Byn7uNzPOnAkBba1mXdyqzsCyWyXoOYv/view;https://drive.google.com/file/d/1U4CY8T4GvCjPWJd-uk3GpeX5rh2uVsYQ/view;https://drive.google.com/file/d/1vIMmAnOq_RpyrMNQ47TbxqgjebpgVDS7/view;https://drive.google.com/file/d/1X7eL3PhtgkTBNbA-C0NgyIjkBrdeGD8C/view;https://drive.google.com/file/d/15e1Tb2fIopOk5egnrCksnMAgWlv9bZnj/view,,4.978348
MT_UT_Low575mmwidefix_Straight_20260802,post_MT_UT_Low575mmwidefix_Straight_20260802.zip,UT,STRAIGHTLINE,isolated,20260802,MT,fw_df=-80.87652N;rw_df=-87.614327N;ut_df=-98.720463N;full_car_df=-245.165168N;total_aero_df=-256.05383N;full_car_drag=92.685049N;full_car_CoP_meters=0.767549m;body_df=7.018584N;full_car_CoP=48.733268;whisker_df=4.089626N;wheel_df=9.864282N;radiator_MFR=0.289225kg/s;inlet_MF_averaged_pressure=64.252108Pa;outlet_MF_averaged_pressure=43.163325Pa;pressure_drop=21.088784;cell_count=37517036.0;UT_CoP_meters=0.669521m;RW_CoP_meters=1.717357m,-245.165168,-256.05383,7.018584,-80.87652,-87.614327,-98.720463,9.864282,,,,,,,,92.685049,,,,,,,,,,,,,,,,,,,48.733268,0.767549,0.669521,1.717357,0.289225,64.252108,43.163325,21.088784,37517036.0,,,,,https://drive.google.com/file/d/1gsf17wUht6tAdsbgbUbBkYf3HLBJgWZK/view;https://drive.google.com/file/d/1FONwaFnvof8eS4q7ZJBo2TUZUpbdmdpy/view;https://drive.google.com/file/d/1ITr51qvzszPzKSKrcJ_uSrvrxdVjuKnB/view;https://drive.google.com/file/d/1tPFlzhRy1v1V6CT7zfGjVJ258LCXl4Bf/view;https://drive.google.com/file/d/1UBK8WawWIaSh-UEH7fU6c6uWQcvIQLUJ/view;https://drive.google.com/file/d/1P79JE1YDWJXg7K57CD2AePPXTDgYM6l1/view;https://drive.google.com/file/d/1Sa50TVo4xzeuTq62FShNx1Poq0Qes8xS/view;https://drive.google.com/file/d/1dU_r6M-Mi6QDCGZ-6TCWghoKCNuGb_zz/view;https://drive.google.com/file/d/1wqsOP1PTy7sf-M9k9zwuJeBV4HnNbwVD/view;https://drive.google.com/file/d/1_HLA0KJ3wiFtrl-4wClIA9k9h3ykG_Xb/view;https://drive.google.com/file/d/112maIzI5NGivy41X5ph5GELxb6HMUbMx/view;https://drive.google.com/file/d/1SHhKTCd6Zf0uBpayCcqMCBYSXazITh-x/view;https://drive.google.com/file/d/1-tibeSKxRcpBm7EfLRX4rjRrLibP452v/view;https://drive.google.com/file/d/1JH1pR_KUJAl6bd3N7mWHFT7O8qycEirE/view;https://drive.google.com/file/d/1l1CeZnnvPU0gJyJBz-rhCrm7Dz7Vt1c8/view;https://drive.google.com/file/d/1SHZxfOU3-gfHsT00ORXKM8RS2zioaNiZ/view;https://drive.google.com/file/d/1BH73wXEs8ESEExWHnlW_oYidb1eTTZHI/view;https://drive.google.com/file/d/1ockFYMoWHJoVbPPS9T-Fx6GQdyIBsCsb/view;https://drive.google.com/file/d/1f7j6_D2O7ezf_g4mUrwB3TbNAKj098cl/view;https://drive.google.com/file/d/1vhwzPtQPFDChxKDMszgKWgaQZNXzL0sC/view;https://drive.google.com/file/d/16qhnc3EJF0wyPV-a6ag4pQ1qEjbHcqkE/view;https://drive.google.com/file/d/1EgMsyJIUYiT4ViFyQai0uOc6tVsQAahv/view;https://drive.google.com/file/d/1LOLuHnUId4rFlHidgqFvY5ylFRJCo5zu/view;https://drive.google.com/file/d/1MXsDyrvjDm_V4DLQyeKdqB6Dp6sLw9Qb/view;https://drive.google.com/file/d/1QjnVxxfGxOE9W50VOejUt-RG1zOinYvK/view;https://drive.google.com/file/d/1qZ4yOKfBUvN7rWnhkWLHSZZlazGW-Hpx/view;https://drive.google.com/file/d/123bATRhb5hJfW8ou5MGUot6PMcTuNwe8/view;https://drive.google.com/file/d/1xm1EyTdnf1xZHxZcQcNXXpItFj_2JhiO/view;https://drive.google.com/file/d/1IQOBHo4mKZWUHaQwYN5pBf59IuIn4iJT/view;https://drive.google.com/file/d/1YSXoU8HtVEZjC-ETKg6Mh3I1w_W2KjVl/view;https://drive.google.com/file/d/1q0M4kMvrmEwPsakI_QuB_DL3LX1uNKLk/view;https://drive.google.com/file/d/1gMV4mwZR6NoytUk96wDX7W6XSXux7JOs/view;https://drive.google.com/file/d/1jpRyVhfA2iFzwSivWOzqmgZaVsHL62N6/view;https://drive.google.com/file/d/1rL2UNeF4O1tC3nEBSyhsMn6HbZ6R9dTf/view;https://drive.google.com/file/d/1-NX6N3y2sKpHY33-UqmnggcMzCrAcj2g/view;https://drive.google.com/file/d/1A37oRaXuq8wJSrUSP29UxYEfcAqrkBfM/view;https://drive.google.com/file/d/16xzpqctkt5hqLWs82ddoINajPqe2keD9/view;https://drive.google.com/file/d/1C9fsrVRJDlU1Bq6TqReN3lXNXvsvhdbh/view;https://drive.google.com/file/d/1h9j0yLIE1cDdbWzmUanxjbz3lS-drjjg/view;https://drive.google.com/file/d/1qjpMqk1oq_blz3DjqBMlnD9rwvkFIDy9/view;https://drive.google.com/file/d/16KU76l04Th2akr9iJ3rvGzz-EkspJvZ3/view;https://drive.google.com/file/d/1kCpXgNXxWnj7QQjQyXvir7WzXq6aApni/view;https://drive.google.com/file/d/1u1aEhCzIHN2s7Xua4CWM1pPz0E6E5JM1/view;https://drive.google.com/file/d/1-cUaVtaseI7hTthZUNfi5kbuZve0Lwmu/view;https://drive.google.com/file/d/1RmaoKZ7h1BDeRk5ak3bcwDwYeSaDGPDe/view;https://drive.google.com/file/d/1oFSFt9xrDsiFC3xJElEyWE7g5cMqGaq0/view;https://drive.google.com/file/d/1Jah7Z6z8TYEaED_q2MPYUhZsoDoikawB/view;https://drive.google.com/file/d/1XBOHL-hh1faahP4hpH9UDmwa2YJiL6mO/view;https://drive.google.com/file/d/1b265uvRaYpRPYxWRUnzskS6FOlqcyeQ8/view;https://drive.google.com/file/d/1y-JnwF3j5HbMUUSXNJLcTT0jto-XYmC9/view;https://drive.google.com/file/d/1aPvVhmqERmr_cxvhyTPJU5Lyoi4VzHtG/view,,4.089626
MT_UT_Low562mmwidefix_Straight_20260802,post_MT_UT_Low562mmwidefix_Straight_20260802.zip,UT,STRAIGHTLINE,isolated,20260802,MT,fw_df=-81.770354N;rw_df=-85.451078N;ut_df=-100.470527N;full_car_df=-247.304643N;total_aero_df=-257.450566N;full_car_drag=92.376397N;full_car_CoP_meters=0.756878m;body_df=6.21608N;full_car_CoP=48.055749;whisker_df=4.003528N;wheel_df=8.887067N;radiator_MFR=0.287103kg/s;inlet_MF_averaged_pressure=56.932198Pa;outlet_MF_averaged_pressure=35.057257Pa;pressure_drop=21.874941;cell_count=37596729.0;UT_CoP_meters=0.687237m;RW_CoP_meters=1.722025m,-247.304643,-257.450566,6.21608,-81.770354,-85.451078,-100.470527,8.887067,,,,,,,,92.376397,,,,,,,,,,,,,,,,,,,48.055749,0.756878,0.687237,1.722025,0.287103,56.932198,35.057257,21.874941,37596729.0,,,,,https://drive.google.com/file/d/1zkZ0spHnH9baVb5f2GEmxb6PV0d9n5K5/view;https://drive.google.com/file/d/1-N7CTp1UvoMu4uMjyE1X-xYfEhMCmess/view;https://drive.google.com/file/d/1d32movppcLkivMCIGdK4mxz0Yax0-Y7c/view;https://drive.google.com/file/d/1QGoPPfXFA93gSPHn4v2deHlMJazu2dfn/view;https://drive.google.com/file/d/1ZemcYC2o_D8a_KVMdwOfw8wcwPSdwDJP/view;https://drive.google.com/file/d/1cg21DkAK9npvs1HNFF1WV-IF-fgme4-P/view;https://drive.google.com/file/d/1OiGxQK2xnEqtl6LsRlrkFbPI0gfXALmU/view;https://drive.google.com/file/d/1qYKCo-C39eHC7_TYrpppkyZvS7jB1UJv/view;https://drive.google.com/file/d/1MgsJC-tIZD3qJM-huJijLKV9aM3nehQz/view;https://drive.google.com/file/d/1WBYc2EzsQGZJdJUnKbiWhAaR3hxfz1ew/view;https://drive.google.com/file/d/1tANHqEXgtRmVXcHr_Q2fSpXKkVbsPSGs/view;https://drive.google.com/file/d/19JWmJCQ2cghEeEZJeAEeXF4BhaSyohdE/view;https://drive.google.com/file/d/17casvVx-bnh1n9Mjudg8b0cNsaM28swJ/view;https://drive.google.com/file/d/1QBlIfaB2mN9EsS0IzX8vYL0UM_2IuRj0/view;https://drive.google.com/file/d/1ClPTIj0HVZ58jzjjNS463V1ZIssncJVp/view;https://drive.google.com/file/d/1XDkzGwZCXto8SM8iirflnauTYFckdnjO/view;https://drive.google.com/file/d/1BntDOR_6ZdP_ixsqTaNWpKiT0B4SCfUc/view;https://drive.google.com/file/d/1mhNYoHJ4re2plkuYZ4jS_hMkRleenJxq/view;https://drive.google.com/file/d/1RJ_ZdLP9U_R8aLuefzSRzAoAWjd7EjSQ/view;https://drive.google.com/file/d/1dsfhKSPZOpckjTTPSi4YvSDaDs7Kv_pD/view;https://drive.google.com/file/d/1qgLq_cRA0ppGk2mFwH6mVkpdITIhEFvJ/view;https://drive.google.com/file/d/1_qC98_q20-xeGWz8kHeWP15SfaafoD1a/view;https://drive.google.com/file/d/1ZVa6OX4ZmefvCwqDIzBLu4zrJpOSrlKq/view;https://drive.google.com/file/d/1sNddkJQVfgJ7DTMpjqWzB30ZiMTUre7v/view;https://drive.google.com/file/d/1IFM6xe_nRNOlJS5Hv0XGMm4kBjBUsrq5/view;https://drive.google.com/file/d/1LKX9VIsQTCtgXjOnCzlDbXbL6QUQmR9f/view;https://drive.google.com/file/d/1z8XKd8QN3ewNsImeFaaQwGLp_h4fxjE6/view;https://drive.google.com/file/d/1b5RlXMQPOyFsNMvtjd3TGZnkv6ltRUhp/view;https://drive.google.com/file/d/1zwHXhd86942O7vQXhDa-4cSpJ7fc6DrH/view;https://drive.google.com/file/d/1n3GuE-lWEkXNJiuGVrdKfdwyjYgwzjbv/view;https://drive.google.com/file/d/17vxbMxAQoLcf27fMa3QVyB8b4uJr-Smr/view;https://drive.google.com/file/d/12Q76u6W4wb8aSEt7Drb4HTssFKIlOO8K/view;https://drive.google.com/file/d/17e4LPsQRFsaFxdm59Uzlt9qIsHoq7qZv/view;https://drive.google.com/file/d/1sympBw3rCgBKPwU9c_jJ94mlNQY-WSHn/view;https://drive.google.com/file/d/19GXZBwMU840ZoLyR_eJ-tA0kSvXgZITB/view;https://drive.google.com/file/d/1CkDrZclNKOWXuT_lJEA6gCuL9putIEGP/view;https://drive.google.com/file/d/1ibgrfpHZKKhUih4OBDyp9PA6favdtuH9/view;https://drive.google.com/file/d/1wHhkwP67PZYzIwl2M-U92HtRxunXgy7J/view;https://drive.google.com/file/d/1y0YbbN8EsWAP5sgc-2G3LI6lQyCuH_uP/view;https://drive.google.com/file/d/1GsmHGDenghHQ5Q7wLKp8gJdNQ_u3aEHG/view;https://drive.google.com/file/d/1T0TorYJtuyqngWqw18MHr8Wu0sNdrOYR/view;https://drive.google.com/file/d/1C1_m1E_y03YqtIjAadozsfYpICQvIsnl/view;https://drive.google.com/file/d/1aWFFUJg-Jx_6sF0iXudUOryQKlUekfR8/view;https://drive.google.com/file/d/11tHwsWuzLCAxZ7os_0hqlNjxYtmdY0Bm/view;https://drive.google.com/file/d/1K8cmNSKq_zxpVm3uZEC53nV2sgMVjr2b/view;https://drive.google.com/file/d/1LrdOlKf4znY6ltjmowHwzL9qO3S47lEu/view;https://drive.google.com/file/d/1f0UIa1wP4xCN9UAQI8J0da6ITGeX5AV1/view;https://drive.google.com/file/d/1UOJ-48115BJ94CNmlLul0xt5zrjKErpU/view;https://drive.google.com/file/d/1QALzETC9QunU8HZjQnzxqdx9rfSHDBdA/view;https://drive.google.com/file/d/1XT8sCeyvFQrvh1hf_SNU1cHmhioajdXh/view;https://drive.google.com/file/d/1SEmFDxkLDgWuQZpAE0ZbdtZA1udnFZtt/view,,4.003528
MT_UT_Low550mm480mmwideFillet_Straight_20260804,post_MT_UT_Low550mm480mmwideFillet_Straight_20260804.zip,UT,STRAIGHTLINE,isolated,20260804,MT,fw_df=-81.756061N;rw_df=-85.161375N;ut_df=-103.206823N;full_car_df=-249.91041N;total_aero_df=-259.672397N;full_car_drag=91.683846N;full_car_CoP_meters=0.749562m;body_df=6.396472N;full_car_CoP=47.59124;whisker_df=4.00062N;wheel_df=8.557068N;radiator_MFR=0.279927kg/s;inlet_MF_averaged_pressure=54.418845Pa;outlet_MF_averaged_pressure=30.8817Pa;pressure_drop=23.537145;cell_count=37600924.0;UT_CoP_meters=0.675941m;RW_CoP_meters=1.721232m,-249.91041,-259.672397,6.396472,-81.756061,-85.161375,-103.206823,8.557068,,,,,,,,91.683846,,,,,,,,,,,,,,,,,,,47.59124,0.749562,0.675941,1.721232,0.279927,54.418845,30.8817,23.537145,37600924.0,,,,,https://drive.google.com/file/d/1iYwUNa6ypBbsNrl4pcI79Wdr6pFpRvLh/view;https://drive.google.com/file/d/1SIDeOodaoIOjDj3Gn7keeYtc4nhQXjC3/view;https://drive.google.com/file/d/1FRuM36p-fkvgWhChHIXfCkYB3lVuTEa8/view;https://drive.google.com/file/d/1x0XVQVmaiJYIC06M0NwtYxroDAaAo0uP/view;https://drive.google.com/file/d/1z1As_9DL1SqTBhuNWfJaI1JQruJETpRI/view;https://drive.google.com/file/d/1h9KDhK3ZqDt12HO_qqAhchvV0xw1hTH7/view;https://drive.google.com/file/d/1SnCoSnftFme82UQQ_kscdawY2yBZBEQr/view;https://drive.google.com/file/d/1JqcU_rwz3p9XjOb8s4IAh7XRU5vLFzJG/view;https://drive.google.com/file/d/10X3xE3FBmlhLmAiER7Q8uNlzSYIE1j4d/view;https://drive.google.com/file/d/1e52vzvCQ3C70qGIDRk1LnNz12y9NdeUU/view;https://drive.google.com/file/d/1eZzTAAQFieqyXADoQKLcimgjqMqjPfmK/view;https://drive.google.com/file/d/1EPZJmjpzwEzP3_9Lr3AkEnVZUmKGR2EC/view;https://drive.google.com/file/d/1of4UpMu1Gq7dnLLLGaVI6-5KtsLW4WKF/view;https://drive.google.com/file/d/1hGSFyGC2TO2BOItZUSKY--4AdtplTpFg/view;https://drive.google.com/file/d/1T2lKqDN_nJcZZrLPJUTkAZYgusAxehSl/view;https://drive.google.com/file/d/11-G4S1763LihrJxVVX3UaHUc4cwl5Yo8/view;https://drive.google.com/file/d/1kNzrB0Zorb9GQxt0AlUi4o6Tt1VWcNWG/view;https://drive.google.com/file/d/1if2z4v-x5plfPNz5O2swY4XE2CZllzX3/view;https://drive.google.com/file/d/1DXD5AjfkN3NhctesXRZ5nPOlu2nFk29N/view;https://drive.google.com/file/d/1lWPxVdkvug0JyZvv7pXyrjvPQ2waqBVE/view;https://drive.google.com/file/d/1GNE3ZOi_mjzrRinEXa3DbEcIPUDbBVvM/view;https://drive.google.com/file/d/1PfL3w6L7TXACjFkD5fqYZZGnHtDQHtQO/view;https://drive.google.com/file/d/1mbSmqRDBLZgsnlpy7Qh3RbcXajWFbgkv/view;https://drive.google.com/file/d/109sXRH_bee5m-p9tTX--kdfb0gvWjQ9Y/view;https://drive.google.com/file/d/10_A4ajp7jiDaU8icnwQM7Fna4DK71VXG/view;https://drive.google.com/file/d/1aoqKyHlnl5GPy58toOfbYPqTfKY_guji/view;https://drive.google.com/file/d/1JDBjTa7JGMGqz0JHu3BUc6K8fTVToe4P/view;https://drive.google.com/file/d/1xYmG-fGWQKkvEwqSe3WuQw6L2PBKyDkg/view;https://drive.google.com/file/d/1-9TjGgzqv78yLJtV5wlHXPRz4VTaU9rx/view;https://drive.google.com/file/d/1sJvKbhulCS3OO0czMtc_vAP8G0JdOm7B/view;https://drive.google.com/file/d/1fv5FLckfqT4SnmrnYbJ2Do_nNnRmwFa4/view;https://drive.google.com/file/d/11xlb5hjBrnw7nmF8CMVglbfRuVxjjDAc/view;https://drive.google.com/file/d/1G-wY9YqEGQ_unY2XFYZH5feh3bHXKKOM/view;https://drive.google.com/file/d/1mCnaNtfEZcguvai5yxSjS7A5bv8bQohJ/view;https://drive.google.com/file/d/1sC6o0Vjpzk2_FdzKPMFwtH3dODTmx0IH/view;https://drive.google.com/file/d/1sfmZmGafziJmttyxcMP_JXZwHfyAZswl/view;https://drive.google.com/file/d/1QmRKB1NtGOo1_kgK8pWX1OtdKEKkz2Lp/view;https://drive.google.com/file/d/18TnamP3mlcvRi-22giFf41Ik5nQxa-4T/view;https://drive.google.com/file/d/1M0twPL7GwrJuiFlmClq9_P7aTxDHKKcm/view;https://drive.google.com/file/d/1bRdrAMgoheoVTdgvvEYhF_ldgLRKjndL/view;https://drive.google.com/file/d/19r_VSsURZFCIybXIa0aDt_pTNL6fvrNj/view;https://drive.google.com/file/d/114rMVUO-bt_3-setMFoY_ldQaLfb9XSU/view;https://drive.google.com/file/d/1Is6mYHvOFQhAtzT8cCuUgu5vX3lSJChx/view;https://drive.google.com/file/d/1EaJcwbk2rHwUtqfhrnRKbqdKcMO-jAYu/view;https://drive.google.com/file/d/1ZNKceJzLy3XeIftQm4_6GocNd3r6yqAR/view;https://drive.google.com/file/d/1Pj0NZTN2SwCtQpZw3p8KW8dHNqZBn89l/view;https://drive.google.com/file/d/1xwYBwdf1zCwtEQvIK9eB_jNrb0HnpxhS/view;https://drive.google.com/file/d/1TtgXH2KdfGvNeEcfQOIGJwIyuykfXScn/view;https://drive.google.com/file/d/1972KX4re7kF8HclT1qR2VTbEYZcXBdQ4/view;https://drive.google.com/file/d/1NgZ9HpvtNvA9hTx-C4Xa8VDP3cG3zSYd/view;https://drive.google.com/file/d/14PhkxXXacwrTtUNmgw89uRRw2THcTJaQ/view,,4.00062
MT_UT_Low550mm480mmwide_Straight_20260804,post_MT_UT_Low550mm480mmwide_Straight_20260804.zip,UT,STRAIGHTLINE,isolated,20260804,MT,fw_df=-81.756061N;rw_df=-85.161375N;ut_df=-103.206823N;full_car_df=-249.91041N;total_aero_df=-259.672397N;full_car_drag=91.683846N;full_car_CoP_meters=0.749562m;body_df=6.396472N;full_car_CoP=47.59124;whisker_df=4.00062N;wheel_df=8.557068N;radiator_MFR=0.279927kg/s;inlet_MF_averaged_pressure=54.418845Pa;outlet_MF_averaged_pressure=30.8817Pa;pressure_drop=23.537145;cell_count=37600924.0;UT_CoP_meters=0.675941m;RW_CoP_meters=1.721232m,-249.91041,-259.672397,6.396472,-81.756061,-85.161375,-103.206823,8.557068,,,,,,,,91.683846,,,,,,,,,,,,,,,,,,,47.59124,0.749562,0.675941,1.721232,0.279927,54.418845,30.8817,23.537145,37600924.0,,,,,https://drive.google.com/file/d/15HYPfQKUoD5Q9R-9cvTvWhOXPhxLH1fL/view;https://drive.google.com/file/d/1-iQ0nGpY18pA67d7zmVcbQ8Sbzp-YJGV/view;https://drive.google.com/file/d/1Mea3jdXydzF88P72EXz7x6r4hhgKzMrd/view;https://drive.google.com/file/d/1gqsTTg02yMi9zRELr2CQyFliWYZB7xcw/view;https://drive.google.com/file/d/13NJ1vpI4dmK-G9arBMRbA1uB6_L-Doen/view;https://drive.google.com/file/d/1XLPHEKlK6BrYM0s-77ir-Aw_AZcl9hdj/view;https://drive.google.com/file/d/1UuvhiYZhqZreYG2Ce1JnChVrLWuvIW6F/view;https://drive.google.com/file/d/18bUTf5noYpnNafv_mS5uOL4-ZVDg6l5O/view;https://drive.google.com/file/d/1qHO-GxpqKWtD_ZnTxr5vhcXNz-s18Lh0/view;https://drive.google.com/file/d/1Vp7kuXXXMSHnJwMPczN5o_4-K8gDK-S_/view;https://drive.google.com/file/d/1nuMnXY9qNcx4gPA0Dst67bdpVO2zoChK/view;https://drive.google.com/file/d/1Bg43b6LDACVF23Z2BOdJzZXdvzjfAbyA/view;https://drive.google.com/file/d/1vRprjonRC1FyBLxphWhMKsAeht4v3tRp/view;https://drive.google.com/file/d/19W5nm0PfjJ71m8dM90qy8TI2MbMiCj_b/view;https://drive.google.com/file/d/1XYtwnc44fOK5FQlCkxcfOajEmXpDo47D/view;https://drive.google.com/file/d/1PJ49aLOj3KCXi79b_KfW8j5PSMFMgGmB/view;https://drive.google.com/file/d/1DfNwUFPXykYHlv6HJ_4me5gjH2nb9a2E/view;https://drive.google.com/file/d/1qn3l2BqHp4QeFlkX1rsJgy_ZoP-cFQeG/view;https://drive.google.com/file/d/14fQCtLRCG_MFdYDm_NeNCPeIM5_XEHYp/view;https://drive.google.com/file/d/14eX797XLitOenxNJzRGz_kXDFrvzo3Rj/view;https://drive.google.com/file/d/1NPpU-IGnP6WnCnxfAm1k2EL_1SBOhlop/view;https://drive.google.com/file/d/15pnrXQ5qp-rR2i0x9Zo3NPoroLHe6YqU/view;https://drive.google.com/file/d/1PmBs7Pu0pwzlYfnyM9UOQHmluVRoLjX-/view;https://drive.google.com/file/d/1jMpA8rbepmj9Kr-sizvOq8imX9Y8SxZa/view;https://drive.google.com/file/d/1t0nT7XHH-b0DmehAqp9yrjNl62fIwiPw/view;https://drive.google.com/file/d/1MwsMHSvoDJH17HHHkwtAk1rt2PY8avqX/view;https://drive.google.com/file/d/1eg4Q1nVvMKhjOsG46HVG4L6elwIKks6t/view;https://drive.google.com/file/d/1K8lsZ29P3Yq2UshkH74JHpRuJLdw-Ta1/view;https://drive.google.com/file/d/1ytgEaU8KntMF_M7MwlNmhzpA5jSRAVA5/view;https://drive.google.com/file/d/1jD8ahPCG2Wqq0xCRiuPSPgZUPUTirEIl/view;https://drive.google.com/file/d/1jzROZYqGJNxg-LKV7gf7crXaW9qxLVD0/view;https://drive.google.com/file/d/1oQbv4sG2VbR5g0h3VaKHx5HStuIas7Qj/view;https://drive.google.com/file/d/1Bg5ohO9vMle_qFLftWi78hibA9sMb8I1/view;https://drive.google.com/file/d/14z_FWCpKIr2cz79RjS9LvL3VLP4FIQOy/view;https://drive.google.com/file/d/1J7yXSKucC7xxhYS3Txn5LaNzztNKqd24/view;https://drive.google.com/file/d/1ZiJg7V-3MPyWL5SkqaFSV9hZQWJXFgUP/view;https://drive.google.com/file/d/1-38emsurorcdWbiDegstAc2zSgdrLc3u/view;https://drive.google.com/file/d/1FAX-p7EQyotNefVrxrV6ggHXKnhCUEQm/view;https://drive.google.com/file/d/18lepURIuQhOu_HzevKLWaOHzdx5C9LKn/view;https://drive.google.com/file/d/1n8ZdKTUycBth0OhQJwvwqWUuAW7cDgtF/view;https://drive.google.com/file/d/1laXiYKO_oPnAyKxnPHhR9sNZLVk8zIdB/view;https://drive.google.com/file/d/12-8mpsI8zkVrM_535QezYjSOYiVF0ce9/view;https://drive.google.com/file/d/1sCgZ3_-wtskX-4BLDuV_jyD9Aa_Sz4v0/view;https://drive.google.com/file/d/1hQkd8a1OAM_XKnisAaH0l4yup3Hnrewm/view;https://drive.google.com/file/d/1Elo5gj-lppBkQ8b-Z_FvDR4VN732akTj/view;https://drive.google.com/file/d/1zaRozriiPMzAVFslFnKM5QRu3fL660O7/view;https://drive.google.com/file/d/1LPRRSeKUu3KExSlCuq8P8DPR-ggzj9g6/view;https://drive.google.com/file/d/1eTY8l-K6y1AVs_BGmAWSjZwMtkb4S1eR/view;https://drive.google.com/file/d/117FltinQowOf3795hpfLBckIvRl6PBK6/view;https://drive.google.com/file/d/19rpdzkcjJeooDAtyxAYngWj62TLgGSA5/view;https://drive.google.com/file/d/11-SQFI6hMG_mSTP8nUOZQNeukJeROeVV/view,,4.00062
MT_UT_Low550mm480mmwidefix_Straight_20260808,post_MT_UT_Low550mm480mmwidefix_Straight_20260808.zip,UT,STRAIGHTLINE,isolated,20260808,MT,fw_df=-82.046716N;rw_df=-86.400672N;ut_df=-96.662351N;full_car_df=-244.268834N;total_aero_df=-254.181154N;full_car_drag=93.283626N;full_car_CoP_meters=0.767314m;body_df=6.824306N;full_car_CoP=48.718333;whisker_df=4.129382N;wheel_df=8.941753N;radiator_MFR=0.273154kg/s;inlet_MF_averaged_pressure=52.47249Pa;outlet_MF_averaged_pressure=31.957136Pa;pressure_drop=20.515354;cell_count=37606799.0;UT_CoP_meters=0.697516m;RW_CoP_meters=1.72327m,-244.268834,-254.181154,6.824306,-82.046716,-86.400672,-96.662351,8.941753,,,,,,,,93.283626,,,,,,,,,,,,,,,,,,,48.718333,0.767314,0.697516,1.72327,0.273154,52.47249,31.957136,20.515354,37606799.0,,,,,https://drive.google.com/file/d/1oAo4q1Je-qwbJaaRRqf5Rd_UIRfFWnFh/view;https://drive.google.com/file/d/1sUNNAY-wRhiLGWF-3mzOkVCS0S9prj1V/view;https://drive.google.com/file/d/1QCbDQhjylWBT0EfM-PsmJX4Xd7qqj8Pf/view;https://drive.google.com/file/d/1odTqSrH3Qyi5xeO1PhsnaYUX-d-y8Hhx/view;https://drive.google.com/file/d/1OUNQ7dcV-9X2nwufhxs4MbsoPp0HRJ9V/view;https://drive.google.com/file/d/1jcyo5-f60yDY0NHBQkLLmI0W73z2EPJs/view;https://drive.google.com/file/d/1A_0fx_s_ClM8VakMPebqZFTPZZey9QwK/view;https://drive.google.com/file/d/1UVNeMLRmaCWEraMEI-TBF-RGajhzltWU/view;https://drive.google.com/file/d/1oT7GgOk1POIdZ7ie8Du8haSThKfTSwcv/view;https://drive.google.com/file/d/1exiVXJSNaeaSLLy9_0qVxRM1jI3QbieV/view;https://drive.google.com/file/d/1yIYoW6pjKbh7m41MWKR3Senr6gkrMToj/view;https://drive.google.com/file/d/1XJqJ0BQIOhaAL27xC_TIBk1DhL8DF8fT/view;https://drive.google.com/file/d/1keej9mEjM7qzGHcI-Mjdh-fFHz3mDoGI/view;https://drive.google.com/file/d/1_JKLZ5x4PscKi_15mnrKrS3xmC79dzCS/view;https://drive.google.com/file/d/1cvBnWoZioCsLAm8-lG5b-4BUP6NHLNfT/view;https://drive.google.com/file/d/19X0MqhyBYotK3ORzzvW1dTrrOlUX88Uv/view;https://drive.google.com/file/d/1E39nK1btuFL5--gn5dKqX6642-vtBcc-/view;https://drive.google.com/file/d/1shIWBiMgPDXK8p43rhot_D-iV6RfCUtt/view;https://drive.google.com/file/d/1m5dQzdgPS1c91nPIXtRmzhOgu-F5bQ11/view;https://drive.google.com/file/d/18KW-AXOhxvfCkUCS8UGHMLlhcS1jup7T/view;https://drive.google.com/file/d/1kRNzkMyaUhWTLZ88iwjiaFKGREpbjGzK/view;https://drive.google.com/file/d/1qcADmzxA_k3FTvbWtv9JhqnDAIuN2Xer/view;https://drive.google.com/file/d/1pC6F3PcsLGXZvtzIBAJCSXKk3XH5W_OP/view;https://drive.google.com/file/d/1iKt-VHV5a5nH9jvZQkX0t94X_L7wql7S/view;https://drive.google.com/file/d/16QcewRLULvb0C6NWctPYvdsF9aG6VCYC/view;https://drive.google.com/file/d/11rVZvujBEGFro9TDl44nxneQKiZmUCLT/view;https://drive.google.com/file/d/1zU0rN8OTYP3lbrnLgr1XBB3MLYhXqJ_s/view;https://drive.google.com/file/d/1irx1c4VzCnyFCL49abfVDl38d2gaNx-5/view;https://drive.google.com/file/d/1YRmbicLYWjQs54uDBaupODhC1o0w8S55/view;https://drive.google.com/file/d/15rFqAwebfUEeSfFfdjoQCH9Vuade5wzC/view;https://drive.google.com/file/d/1G194dOWqpM6pTCzGHQOr4jlVDeID0yDx/view;https://drive.google.com/file/d/1ayMp7C411dDsxAj6t10eysBZ6HxR2fwW/view;https://drive.google.com/file/d/186Yl1M8fhHnTAWGYB0q9OUxPU15qSylT/view;https://drive.google.com/file/d/1Gc125nSbrOwkVZ0vpmIAcFZ6E86tZP6l/view;https://drive.google.com/file/d/1zN2S2rzJeAdC8a22xuPsu2prMBIoj0PB/view;https://drive.google.com/file/d/1uguADUA-ybfb_wkFMoFyNik41htuuSUr/view;https://drive.google.com/file/d/1N82AQ4QOMEKzQIDHjBvv85F286xacOQg/view;https://drive.google.com/file/d/1UL45y6J0udKi4-9dbS-eEN6SAdhwf5jl/view;https://drive.google.com/file/d/1nG71bC6fjpM4DX3sjnlAhhSdlOUwbTfW/view;https://drive.google.com/file/d/14yplAmxK1n9YW4ogoe1eY1CnKLxU7gIx/view;https://drive.google.com/file/d/1p0HtjEVo5TPqbI3FokAT_ub2MHCYqJ6G/view;https://drive.google.com/file/d/1EA2Snwqwz8RGRNBZQdq2hpJXHEO4PHNm/view;https://drive.google.com/file/d/1mFPkawMAMtovHeL_KtFeKG3GPs4RRetB/view;https://drive.google.com/file/d/1eBdWEt5t9XTCLtjs9r90RGWW37vOCw4u/view;https://drive.google.com/file/d/1LLfiH248YyWEXwUIooAAGo1Z4CG6Q4R0/view;https://drive.google.com/file/d/1palPgDjZN4RhY0x71lje26wCN_HTmtJ8/view;https://drive.google.com/file/d/1LfIy_Otk4nL0ylqTeCmyXKdJJWlIeI_D/view;https://drive.google.com/file/d/1dlxfh-NZCgcBwB1K0pJHubkhJrzlFkTA/view;https://drive.google.com/file/d/1Pgj058buzoY8q4vafiPRZObFpVGZnaZG/view;https://drive.google.com/file/d/1eabe25cMXrairUSGBOpKk7tlPNHSY6Hx/view;https://drive.google.com/file/d/1f5ZiR3AYlRcdZS8C5yHYhXOeLNuakIIx/view,,4.129382
NC_UT_39mmHeight_Straightline_20260813,post_NC_UT_39mmHeight_Straightline_20260813.zip,UT,STRAIGHTLINE,isolated,20260813,NC,fw_df=-81.3188N;rw_df=-81.999109N;ut_df=-59.98376N;full_car_df=-228.946438N;total_aero_df=-237.545838N;full_car_drag=91.210826N;full_car_CoP_meters=0.765869m;body_df=-18.398576N;full_car_CoP=48.626593;whisker_df=4.150115N;wheel_df=8.61802N;radiator_MFR=0.264972kg/s;inlet_MF_averaged_pressure=54.893643Pa;outlet_MF_averaged_pressure=35.506968Pa;pressure_drop=19.386675;cell_count=40476730.0,-228.946438,-237.545838,-18.398576,-81.3188,-81.999109,-59.98376,8.61802,,,,,,,,91.210826,,,,,,,,,,,,,,,,,,,48.626593,0.765869,,,0.264972,54.893643,35.506968,19.386675,40476730.0,,,,,https://drive.google.com/file/d/1hAkX9qjJ7SSlccD9X2VVFWihWg_d9Jyt/view;https://drive.google.com/file/d/1tiiFbwGQEfIQ3yAlPPHXh7B_A1qazf0g/view;https://drive.google.com/file/d/1Z_NrQG9vfzaw6FmMFCbnwY1R4He2HPx0/view;https://drive.google.com/file/d/1o01iW7uIH5N_6Sq0sqwXj1jehYOboicT/view;https://drive.google.com/file/d/1VtzFQCGsrKLTahffikGnkELVgcFGcdJ2/view;https://drive.google.com/file/d/1zkVbeYUloC0dORn65-Uw4uPYZIUYQcKf/view;https://drive.google.com/file/d/1Bo6o5lvtrVs5XypV605mxYtbqKCUKp-B/view;https://drive.google.com/file/d/1VKbW42fOrCD84vC2KZp9VYH7AWheyV_9/view;https://drive.google.com/file/d/1iZqa1-xnPRkDgFFtyiQLZf8iDCy3V4lr/view;https://drive.google.com/file/d/1QM2Op2rsXZFDVvv7cQiP5W26Er9O-Upf/view;https://drive.google.com/file/d/1bN7nERSWtj7xbuESqmf1H6U3Blw4nEXW/view;https://drive.google.com/file/d/1LAyj46q5QBezSGoZHyzAJQdYY9ftfh49/view;https://drive.google.com/file/d/1fPdlOrFsQ6fiyEv1OXU2nAz4WleXqTUV/view;https://drive.google.com/file/d/19H2RMbzwzZJyRzgvCPPT7rDNR6SK850V/view;https://drive.google.com/file/d/1WerbDT6f2rJu0dIkgp9hRcoWQkUQmMhl/view;https://drive.google.com/file/d/1XrXIyA5e-eONITfCMOEgZZ7gL1nnaDDH/view;https://drive.google.com/file/d/1bc7DgeuuhO0wWili6gidMaeavy0rRGZf/view;https://drive.google.com/file/d/1dsWp4zlL5j_JPgRKEqeFCp3Xrfrv_nOj/view;https://drive.google.com/file/d/1wFUt1bBcjKBsT-EgWGQuIYGUFASX-fBY/view;https://drive.google.com/file/d/1E2IJImfjdj-Uto-jLdSA9VvZ-_kZ1XlJ/view;https://drive.google.com/file/d/11OwsSIs7f9JOR6rzVDxW5nl0Ma4Qtv1U/view;https://drive.google.com/file/d/1Hly3QPuN8gY9OKPRBM_rhLa7BfUcKBIR/view;https://drive.google.com/file/d/1zXh3CQcjbxaHKAL96kxZK18sVwf7QEy-/view;https://drive.google.com/file/d/1l7ZfRQRAAglmuYhLrpL9bNV74gX2H3Nc/view;https://drive.google.com/file/d/19O46Ia0OZ5bFPcH1VTrimMFOok_Mdtdm/view;https://drive.google.com/file/d/1bGiBhmbuGBZp9-deHwMGMsAn1G4Lfm9G/view;https://drive.google.com/file/d/10tsbg4q1tF2P3p-Wv0yW97AnBPp3-ahE/view;https://drive.google.com/file/d/1F130An6jwp1Pd405LfmudvHW2Iyar5hX/view;https://drive.google.com/file/d/1HGp5E3WijEoIwygaWxmCenn7g912v2iK/view;https://drive.google.com/file/d/1lY1B4VsIjQwK4U2L3i-z4rbKllJbMa7M/view;https://drive.google.com/file/d/1a5DZxJfBoDsoBkBD9mcF1sOOu-FSNA66/view;https://drive.google.com/file/d/1HvTTnJfyKPculatuxOyfDL44d52RjemP/view;https://drive.google.com/file/d/1ccabuppu2nFS-WpyVASr7WCQyAAl_vFW/view;https://drive.google.com/file/d/1T6F5s6r4-fc0mDbezluF-KAJbNNorYIR/view;https://drive.google.com/file/d/1shc2RudUebknEq1HjcgCuLtssf-Xx-3G/view;https://drive.google.com/file/d/1h9oiC0tZGiaAABsgcq6JRjJJ65uuxTva/view;https://drive.google.com/file/d/15pzw5Smr6E5XMseXA4eE3IGRSXypLKRZ/view;https://drive.google.com/file/d/1HRXbhpN45N1S_j-oZzpoHTbWIGTiN-pd/view;https://drive.google.com/file/d/1h0oK9WhyCORAw-Z0XhjdJYnsbBwiHMun/view;https://drive.google.com/file/d/17f3tFtGMF4p0wVA0eN8uZLHx4ljntxco/view;https://drive.google.com/file/d/1RhSbnXRP1LNg6o1Gtr1YWagz-d9Uv5PW/view;https://drive.google.com/file/d/11yFwymd-X8L6fqO7rN3AckNgNr3LigxO/view;https://drive.google.com/file/d/1ooWLnK6WWowAFQRJ4SWR9VzxtYvQXWJf/view;https://drive.google.com/file/d/1CaeWv48EM3sz5GfF2tvvuH7tOHGqP6gf/view;https://drive.google.com/file/d/1JTk4GEHVk6jY-xB7wpPxGZkWSuQTQQ1V/view;https://drive.google.com/file/d/14N0QacedL5IqOqm78vMaZq1lB3SEPGMS/view;https://drive.google.com/file/d/1tUXnle2kawjBXR4JX5lo7U5NXkgb7QTf/view;https://drive.google.com/file/d/1M-tHv3X3-43MGAt60wflg0civv34v8Yg/view;https://drive.google.com/file/d/1y7fVsyZxWZkncj76vhK6J-ela0_CuNJ6/view;https://drive.google.com/file/d/14F-TGEv4h-kosEPgtPXQvMfEQX9HFwvS/view;https://drive.google.com/file/d/1blu_ArkQY4KYgHOjy5Dr_yceTbkHLEcC/view;https://drive.google.com/file/d/1jfqZ0vJwKlJS6kk0epL147KCxgLa88x5/view,,4.150115
MT_UT_30mm570mm487mm_Straight_20260813,post_MT_UT_30mm570mm487mm_Straight_20260813.zip,UT,STRAIGHTLINE,isolated,20260813,MT,fw_df=-81.845261N;rw_df=-82.760799N;ut_df=-93.96862N;full_car_df=-240.178446N;total_aero_df=-249.102306N;full_car_drag=95.048552N;full_car_CoP_meters=0.753483m;body_df=5.519658N;full_car_CoP=47.840165;whisker_df=3.978366N;wheel_df=7.39707N;radiator_MFR=0.272645kg/s;inlet_MF_averaged_pressure=53.192069Pa;outlet_MF_averaged_pressure=32.137698Pa;pressure_drop=21.054371;cell_count=37625080.0;UT_CoP_meters=0.69905m;RW_CoP_meters=1.726058m,-240.178446,-249.102306,5.519658,-81.845261,-82.760799,-93.96862,7.39707,,,,,,,,95.048552,,,,,,,,,,,,,,,,,,,47.840165,0.753483,0.69905,1.726058,0.272645,53.192069,32.137698,21.054371,37625080.0,,,,,https://drive.google.com/file/d/1BFhXYuIaBkztY3r_euUT5OYwAA7TNcYA/view;https://drive.google.com/file/d/1BmQlfAWi98FIr9EKfg3ZHqdFlbQAraZW/view;https://drive.google.com/file/d/1Zr5SpNbuLl8lusxSbCC9Fllw-r85FcuJ/view;https://drive.google.com/file/d/1JyM_jcZzZ84uZvexwZMGVgESU7pPvIKU/view;https://drive.google.com/file/d/1gL50Tf2qVKKRdMQnhkgP6l1tF-_El_uH/view;https://drive.google.com/file/d/1xQm62EniIR7r-bEWSLhxtrJx0GVteRLC/view;https://drive.google.com/file/d/15AL3D05l5AS79mRiDx_vFxMJMXq-6qNL/view;https://drive.google.com/file/d/1mlm31UzW2br3wUt0tHekCt-khwuA9_c4/view;https://drive.google.com/file/d/14GqoTszM1NjdKidYFJPIomd5JXCpHoVb/view;https://drive.google.com/file/d/1S_8XUXAOUK9Vzsf7-o-VUjaAIojacCk8/view;https://drive.google.com/file/d/15kTkwogkNRnbZDyQZ9GJ3Sc3OcTC-x_L/view;https://drive.google.com/file/d/1ragm2S-I1UX0I2WZ41mW5N1ZVkczy-37/view;https://drive.google.com/file/d/1PlKuA7s3J0QjvH4TDSiFCixWWb0iAdgg/view;https://drive.google.com/file/d/1SsRhUrKnivb3qUBmUGfffMiIdllJN6Wz/view;https://drive.google.com/file/d/1OJs-IJAYiK-2yNPKzEcAucg2uMx4ykr5/view;https://drive.google.com/file/d/1QveI94j-g7ViZtVddb8Q13ekvnyKmdVf/view;https://drive.google.com/file/d/1uBwvcnkP4a2rlnWTXU6h1QrIXlK4P26_/view;https://drive.google.com/file/d/17BMLScRhReszn0m0uyAuc2Q3b5NY8lcy/view;https://drive.google.com/file/d/1w_mHqBUlwGvzkcnD5EBYF7QvMUWeJzl3/view;https://drive.google.com/file/d/17oS0EqjXTSviUTdtrHA2j3DuTIyOwSes/view;https://drive.google.com/file/d/1-xrR2MBKuOz6XqDwGK5U_o34VnO9stA3/view;https://drive.google.com/file/d/1tnMpkWgqBUljGsDvTR-PAwO0w5keKaa5/view;https://drive.google.com/file/d/11jIj_K1Savioa5POS2b4o3sCNsRlVr3U/view;https://drive.google.com/file/d/1JBZRu3ZCrMjvdiaAQirJp1WHp-zlfXdz/view;https://drive.google.com/file/d/1MkZacyZbNRQVA6XRimcs9KYnGZK6l3pw/view;https://drive.google.com/file/d/1jGBbgXj_YEib1XVb4R2r3VxD_Oz6d9tG/view;https://drive.google.com/file/d/1B5QnVAkc6_GWxBCV1tYApPntPTzY94ph/view;https://drive.google.com/file/d/1zX0bHfiflWCSUEL71AdezRUpV3Z6VBav/view;https://drive.google.com/file/d/1F-s4qCDXpkeU2CUwzpKDHEYLP0MrYYtR/view;https://drive.google.com/file/d/1XGL4ECAvxFE9X2HY9hjWev6DbmUqjlJ2/view;https://drive.google.com/file/d/1Dct2_ny1o6Q-lSnK0C6ZkG4FVsFKtktO/view;https://drive.google.com/file/d/1rv25M-0jPdSX5adMr4FxGDrHUpLTaISU/view;https://drive.google.com/file/d/1pBkOXW5DkQU9f2Phkfm2vvN61moUe-Bu/view;https://drive.google.com/file/d/1_rfNB_3VrcGabIDvNJQwNsI7R89F-Bs_/view;https://drive.google.com/file/d/12qys8ZDdyi7dCbfN474iyv67YIpuWINV/view;https://drive.google.com/file/d/1ANbKuWlKSGLvFYVpxkMU1NvfF_wENlcU/view;https://drive.google.com/file/d/1nyPk5AeSQxAib4psO7-eJ-8KgAt2OLyV/view;https://drive.google.com/file/d/1u39JWZG23AyZ838txMeHGjGsQbj6GdC_/view;https://drive.google.com/file/d/1krT4eAnp6Cvrp96ysNwZ7u1uPM3OY36-/view;https://drive.google.com/file/d/1UTi-rfuatE1L8A_bSV5AcSC_PkbXv6mm/view;https://drive.google.com/file/d/18dMjcuECHlcomkVL_hLMepQwh96tFvaZ/view;https://drive.google.com/file/d/1h0JfHYiiDNgTjzQluhyJ0-VilFL-9KNi/view;https://drive.google.com/file/d/1HyN-pvOBx8ZBgA9Z_KucekOI5_aV_6gQ/view;https://drive.google.com/file/d/1-ogDr_ZPpbnKuleicBsSXrbsTpXJ9nQr/view;https://drive.google.com/file/d/1PgkZsAUkksHFpjPH_I5weeL4ejcc_pyY/view;https://drive.google.com/file/d/11X_-Ea9gjiwqE4ibzCprw_uAnZcGk3iE/view;https://drive.google.com/file/d/18o9qRJa4hLnQiDKQv8KxMtrKPjimE1J5/view;https://drive.google.com/file/d/1CftNwnmDqkM8h2_QkJcjUW5P1yt4haUD/view;https://drive.google.com/file/d/1OEoDzVB3ZTbdg1XLp7bgGgrDheRxkxkF/view;https://drive.google.com/file/d/1IxGhqEK4lx-w0vAAfdO1LpWRrSLx7TJf/view;https://drive.google.com/file/d/1Lz3Q2jPMirXBb90IYwuZZTTK-me-9Hn6/view,,3.978366
AV_FW_BestUTandRWwithFlagV1_Straight_20260811,post_AV_FW_BestUTandRWwithFlagV1_Straight_20260811.zip,FW,STRAIGHTLINE,isolated,20260811,AV,fw_df=-74.882398N;rw_df=-100.82548N;ut_df=-101.273906N;full_car_df=-258.356846N;total_aero_df=-263.591755N;full_car_drag=101.401341N;full_car_CoP_meters=0.883442m;body_df=8.582349N;full_car_CoP=56.091567;whisker_df=4.95583N;wheel_df=5.234909N;radiator_MFR=0.0kg/s;inlet_MF_averaged_pressure=0.0Pa;outlet_MF_averaged_pressure=-44.678249Pa;pressure_drop=44.678249;cell_count=37581324.0;body_drag=25.577807N;fw_drag=7.474761N;rw_drag=50.982509N;Total Aero Drag=67.790272N;ut_drag=10.142401N;wheel_drag=7.336298N;Whisker Drag=-0.727759N,-258.356846,-263.591755,8.582349,-74.882398,-100.82548,-101.273906,5.234909,,,,,,,,101.401341,25.577807,7.474761,50.982509,10.142401,7.336298,,,,,,,,,,,,,,56.091567,0.883442,,,0.0,0.0,-44.678249,44.678249,37581324.0,,,,,https://drive.google.com/file/d/1fBspeFxtNsQHl4B8njBePmG6Tfi6hplf/view;https://drive.google.com/file/d/1ebuhshVAuNRhhGpU1wOMgM_d-h_oIf79/view;https://drive.google.com/file/d/14QB773HVk75QDpor9W55VHoGlQ0GYIkR/view;https://drive.google.com/file/d/1hTa9UZg7H-GM83_B45lqP8Jv6tJD7RJ9/view;https://drive.google.com/file/d/1z4gwQC_o8MhnM9opGwqPsh4NrYJtnCtD/view;https://drive.google.com/file/d/18C0BmyzMt_7Q50pQYwNKmZxuY90aKjzb/view;https://drive.google.com/file/d/1zsRv2oyauLS9sqtDs-Xyq92Mn7336NxN/view;https://drive.google.com/file/d/1mO1B6GlYhEORO9BCeIu_kXWgfoHimr7j/view;https://drive.google.com/file/d/1Oyddk3VfMT0M1p5i2SbVfHwiW539N8Vp/view;https://drive.google.com/file/d/1Xc9h3s8xd8PaHVDjV9YMNNbeJ9GzCQwo/view;https://drive.google.com/file/d/1zVmjeA5-UiiSoVaiFBEfSN8EPelAOfUE/view;https://drive.google.com/file/d/1KnZ4HUKEKJt7zBobGGi3pU11SLPCeTBp/view;https://drive.google.com/file/d/1FuDX0XRueBPWNgTxmvH4Ej0XquRVSeZO/view;https://drive.google.com/file/d/1tzbNc0sGiy10nLxUNUmLoGkDDdKH90e-/view;https://drive.google.com/file/d/13gfRKvNx-fewLvGAb0angKidl3mKCY41/view;https://drive.google.com/file/d/1bBcJrkhNxpxNdtz1zhrtBePftoYtIWS7/view;https://drive.google.com/file/d/1EPSX_gPG_bumi9BHzSWd7GuP3I_zGBgA/view;https://drive.google.com/file/d/1M5SxwVr6JBUFGAl9NY0t0bNadcqbEVrJ/view,,4.95583
AV_FW_FlagV2r1with30mm570mmUT_Straight_20260816,post_AV_FW_FlagV2r1with30mm570mmUT_Straight_20260816.zip,FW,STRAIGHTLINE,isolated,20260816,AV,fw_df=-82.446775N;rw_df=-85.504778N;ut_df=-96.976846N;full_car_df=-245.688482N;total_aero_df=-255.386003N;full_car_drag=96.648884N;full_car_CoP_meters=0.758048m;body_df=5.642802N;full_car_CoP=48.130056;whisker_df=3.839131N;wheel_df=8.011844N;radiator_MFR=0.243723kg/s;inlet_MF_averaged_pressure=40.907315Pa;outlet_MF_averaged_pressure=21.020731Pa;pressure_drop=19.886584;cell_count=37706254.0;UT_CoP_meters=0.693229m;RW_CoP_meters=1.725659m,-245.688482,-255.386003,5.642802,-82.446775,-85.504778,-96.976846,8.011844,,,,,,,,96.648884,,,,,,,,,,,,,,,,,,,48.130056,0.758048,0.693229,1.725659,0.243723,40.907315,21.020731,19.886584,37706254.0,,,,,https://drive.google.com/file/d/1G2atIjVC1LZRjkMDW-66J39KjWu02F6c/view;https://drive.google.com/file/d/12JCqm4FIIDasuSXGl5ubWlEVMLIsoopG/view;https://drive.google.com/file/d/1tZdTe4B4pHeo3VWg6G5fYnTkvR7FAmuo/view;https://drive.google.com/file/d/1eaiA3Gtq_gm0fvHAW99SMNeWkOHasDZ0/view;https://drive.google.com/file/d/1RIXiErd-pDdXdGs9ro0H385CxjNHzSfk/view;https://drive.google.com/file/d/12C70owO8nODtwXgd_uzyEclHK48ckck9/view;https://drive.google.com/file/d/1IILMtdJpdPEo2yseaxgYqPEV7AgpTZ5a/view;https://drive.google.com/file/d/1R6HA21cSs0OR-y06FITQS74coUudkQXD/view;https://drive.google.com/file/d/1OOjEGPyIdHGjKRrHqdQ1W-u8Jky5NgXx/view;https://drive.google.com/file/d/1Q3y_9nVBNp870eigq4kBQQTygZFbNEq_/view;https://drive.google.com/file/d/1h0eII1IsNcMQsnY1ooLldWztEQ8WgtFU/view;https://drive.google.com/file/d/1NcKsqM45lfLZHbBfiDdfAuqFY9_DMV0W/view;https://drive.google.com/file/d/1DZKHKetmZuKCqfH54cWp3i3dS5oyloVV/view;https://drive.google.com/file/d/1VnpuUWDMFhZIFDZe0JycBvWNihERa7Lq/view;https://drive.google.com/file/d/1MMuk_tOFmx2DYOlAksRJVw_-ae6GpqLq/view;https://drive.google.com/file/d/1rrVQEL4Vl4n1QHXitd7M8o_zjmTrgjdZ/view;https://drive.google.com/file/d/1EnBoQNkvoWwSAkBcoSPw_lBaiZx1dbvW/view;https://drive.google.com/file/d/1GEogqglWjEL_HqmcJnS0qijPSZzvUZ86/view;https://drive.google.com/file/d/1ZwzeN_AbqYDlwv624V2ShVdzh3i8dv7Q/view;https://drive.google.com/file/d/1Y8QTPc0vH7nWrq3-0v26-mRnwrg4QfsP/view;https://drive.google.com/file/d/1-rOku8sNgCcBxnXoF3PQrNMTY3eVQX_i/view;https://drive.google.com/file/d/12S1yrcPewxYtBSrDQsTVQc6VJG07tAAa/view;https://drive.google.com/file/d/1QFwlXmYyTfG5VizUOmh53eC6-WgQr9G2/view;https://drive.google.com/file/d/1O-ecrjQotWTGGnKsUMnE2QR3Wjotqsjr/view;https://drive.google.com/file/d/12kb8aSfcZOpVsufYAB8SS_USG2czavjt/view;https://drive.google.com/file/d/1tPZjgWnHL-TORzOCTmqcJLb6nPMMC3Ak/view;https://drive.google.com/file/d/180C8jWIg7GzGSUjzt9xRq_SlkwtSG__T/view;https://drive.google.com/file/d/18p9mVbXvY8hrfK8Lg_mE8M4KsKBcdqEm/view;https://drive.google.com/file/d/1gCnRYfDUkiowW59mtxCFcTJ7eSXePX4Q/view;https://drive.google.com/file/d/1LIun9wkc3bJJT3k5IztO1b3ivJ4HURpK/view;https://drive.google.com/file/d/1XrBNi42tcdaEmeoYLngtUq2x5XRPgkfI/view;https://drive.google.com/file/d/1ZXrceqXxYcFn4UBfN_hJZk2gfOeDrpGl/view;https://drive.google.com/file/d/1cBM3dm9uqZNi_RYXsbQBR8kU3_gZo9j3/view;https://drive.google.com/file/d/1DhbBeCcBpGLMVMgn5k8eGM91I--ZlxEf/view;https://drive.google.com/file/d/1oL1r1bm_Y27v2Bgmyd1idUTn1eCDaS0i/view;https://drive.google.com/file/d/1yiwwN0QsM7BGeEMXbDwmtnTjBvH9sPio/view;https://drive.google.com/file/d/1AfvZbhdUkWSLZcFz_KNNkzu0TVfHup_d/view;https://drive.google.com/file/d/1bsbh59htnAFkuPXJO0SYSRyJbupNlVpK/view;https://drive.google.com/file/d/1jv3xauxQaBhNza-ocnN1oRdfvzzJEg34/view;https://drive.google.com/file/d/1rLTWvDuNCJNyyIYtofLiqfIFCQ5svwel/view;https://drive.google.com/file/d/185bI6WO0Chvzo_I_Qg6hcZTT8DRGn5dp/view;https://drive.google.com/file/d/1wjsSG4MwGaniQP-yD2HY1ucaEqUZ1Oky/view;https://drive.google.com/file/d/1JdxFmD8EG1-Aw4y0AnB-rm-7BfRhpqa0/view;https://drive.google.com/file/d/1QoUUC_Y-qRoGbhUle6Xbnoczq0Z_MymF/view;https://drive.google.com/file/d/1PFosG-3etnr4wG-H1T80Ixnj0WVfOfCy/view;https://drive.google.com/file/d/1ST7EwcDUgcDBaITlWnM0M3PWBxdxHqxl/view;https://drive.google.com/file/d/1PUUeweqaA0DAP6z0NtsU2ozgG0XBfD8W/view;https://drive.google.com/file/d/1gdVckEMmDk8YNX-xdOx1tGDiTTS9GCS6/view;https://drive.google.com/file/d/1KSpEzjGBvoQRKRi-5Oy7LNJqN4F-sc3r/view;https://drive.google.com/file/d/1dIJJmlO-a8HZ-SbGa70WmeCAwiMRJUMZ/view;https://drive.google.com/file/d/1ERivNfpSdxJhwFcMxlyj0eU5E24qMgUe/view;https://drive.google.com/file/d/1Y84gxk2mYdgh-5fH3eYp5K5T8iTfyJd_/view;https://drive.google.com/file/d/1oo3wBHj-1ABmmhRU26bEQKqHzN0MiW2w/view;https://drive.google.com/file/d/1P75n-vmlO2DpE4_1owFElheCx-Nbc8g2/view;https://drive.google.com/file/d/1FkoWK9g05AzfLUlKsZnJ8JAe6Ln6PsjJ/view;https://drive.google.com/file/d/1cgQUQ__lks0h_xnDz66iq0roWTcUWKva/view;https://drive.google.com/file/d/1JwmuVb0X7APjHWJwrlTYSBzJi2HqKKno/view;https://drive.google.com/file/d/1dtnAZR1LuGK_fFTIkd8VBuYchSzU1I4-/view;https://drive.google.com/file/d/1p991iCeUTLq88g8HbNcwgN7DlWiY6t9Y/view;https://drive.google.com/file/d/1PhetGPqbnJtdXdpVu7U62Z5dKcSxvLyW/view;https://drive.google.com/file/d/1GiuPWUVZ4fzgXoleUFpXEidLsPrt4G40/view;https://drive.google.com/file/d/1wQl2sxzOffhT0unqaeU7u2HsdvhHtvFj/view,,3.839131
MT_UT_30mm570mm480mm_Straight_20260817,post_MT_UT_30mm570mm480mm_Straight_20260817.zip,UT,STRAIGHTLINE,isolated,20260817,MT,fw_df=-83.839172N;rw_df=-91.652176N;ut_df=-97.111252N;full_car_df=-252.031255N;total_aero_df=-262.955383N;full_car_drag=105.635887N;full_car_CoP_meters=0.801751m;body_df=5.509093N;full_car_CoP=50.904815;whisker_df=4.00511N;wheel_df=9.931698N;radiator_MFR=0.253341kg/s;inlet_MF_averaged_pressure=47.04833Pa;outlet_MF_averaged_pressure=27.159603Pa;pressure_drop=19.888727;cell_count=35638499.0;UT_CoP_meters=0.7034m;RW_CoP_meters=1.739327m;ut_drag=16.66134N;Cd=1.630379;Cl=-3.889838,-252.031255,-262.955383,5.509093,-83.839172,-91.652176,-97.111252,9.931698,,,,,,,,105.635887,,,,16.66134,,,,,,,,,,,,,,,50.904815,0.801751,0.7034,1.739327,0.253341,47.04833,27.159603,19.888727,35638499.0,,,,,https://drive.google.com/file/d/134YzdJ9vkrLmaLzXu_La1sgn5xAvlubZ/view;https://drive.google.com/file/d/1QTeaKpWRRawYcPrkgmSBKhQLmyUOqaGC/view;https://drive.google.com/file/d/1q_otgO7Jg2NXcP0kkVB6f7nBhgj9ph4I/view;https://drive.google.com/file/d/1ouDX38yB-TfeA-UYO6zH8eIWF4Ln7gwb/view;https://drive.google.com/file/d/1duEFfnfr0zxLdga6EugIQHbUL0xWyP-H/view;https://drive.google.com/file/d/1KkAauv5e-a93ogE154Cbu4fuyvyTUep8/view;https://drive.google.com/file/d/13_t82hPQdtTDH45pQTjpXlvkZivPx4Gw/view;https://drive.google.com/file/d/1OTTDjleIx21YcYO1cr8A_27wMag9H5sv/view;https://drive.google.com/file/d/1ZGLk1b97fcrYYI14RWW_CxQtvhbkphjV/view;https://drive.google.com/file/d/13MAGDaP77yj0BnrTQpDL0ZO9Wn6cmWkf/view;https://drive.google.com/file/d/1ooNvyPpQ8DSAX6zzf0SgAQaIkW-ryLg4/view;https://drive.google.com/file/d/1DL8C1eoLlIQvXu0sXEskZbF_UjXU5CEH/view;https://drive.google.com/file/d/1NBmNODdZYkuGQqJkMHS6wXGi1i21QVG9/view;https://drive.google.com/file/d/19s1dPJQedqQfeSnOnp2DzGKteyRWHq3K/view;https://drive.google.com/file/d/1xMfUvEOwCWfM2iKLuZo3J33JVtm-fLyA/view;https://drive.google.com/file/d/1SQjnpgx7BbT2y2pw7gcQXSvfNRTrq7jG/view;https://drive.google.com/file/d/1DR1doUNo233wr7xpJDg36_pRdo0MAUHg/view;https://drive.google.com/file/d/187Zp85JNU3Tfaa9KzKj01oXTjycVKUuv/view;https://drive.google.com/file/d/1lV6blXPfxyBG9LMXF1Ovf-Ao2_Bd-XVw/view;https://drive.google.com/file/d/13LFNiuENhoXa4SiJ9LFZVvXlbEle2ldn/view;https://drive.google.com/file/d/1-l-qb1c3LC7zv7Fm6imHVf2_GA6GhYTu/view;https://drive.google.com/file/d/1tev2kkgBbGgA6pa_0VSPCoKs4V-0aIqq/view;https://drive.google.com/file/d/1qayY9TnzbDO6224AyfOgxkcBfJiiTM5Q/view;https://drive.google.com/file/d/1hQc6wTd3zrM0BWPWYuCTdxmHWSaiQi3N/view;https://drive.google.com/file/d/1aOF-wIZJFIzp4xivARHIPYLWVplxfa3g/view;https://drive.google.com/file/d/1XmHpyDdiSaW4wMczblFJ7tv5sNkPRo4e/view;https://drive.google.com/file/d/1-rXxUJ3r8vRKfg_JzAjNCNdltMUVCfrE/view;https://drive.google.com/file/d/1Hl-UpB4dPwx6w1MG8NMXmKmztPazd2q4/view;https://drive.google.com/file/d/12WFGi9vHQrLZnYmAiPu05QNBZKOYOBl-/view;https://drive.google.com/file/d/1anYnlkhGpZwmxYMci2nXfb4BwHI_c1If/view;https://drive.google.com/file/d/1mrFPPS4QjGR0iOx61MzwUXhYgVBh2HwC/view;https://drive.google.com/file/d/1oGjSf3GM3SfoGvscB3WhLVrD4X1XacyD/view;https://drive.google.com/file/d/1DijluD-1Dj3htZJ_9xeBXGa1dmB7HsBI/view;https://drive.google.com/file/d/1fYUSx7Phwo_GzvcR6YJaP277nNMJNrL6/view;https://drive.google.com/file/d/1IJJboqG5aCGcuNQpmQ2UAS6ALWPrvlxN/view;https://drive.google.com/file/d/10Sy0p0bhZUAuCCS3w58kgjoAd-3V7tM_/view;https://drive.google.com/file/d/1zinEzxdjo8klB_bWxoJhwOMyk8QWBZvR/view;https://drive.google.com/file/d/1DvPBSMLOrFSDw1pxNh0YZ3VsJx85c2aX/view;https://drive.google.com/file/d/1oQiKmFuetT9DnqWaJvxhHjmLuDF7nLKe/view;https://drive.google.com/file/d/1C-S76oyPCphmxZoDjgaWQITHU9VSdv1k/view;https://drive.google.com/file/d/1XswCLummv6aS2-K9D9aJuK6Ykkhs_1FN/view;https://drive.google.com/file/d/1kutD6XuIquiZCoScb5a0HzNod4oztCB0/view;https://drive.google.com/file/d/1mCOkmRS07QBIww65WPXCwL2hLjXvX_gP/view;https://drive.google.com/file/d/1ZLVX2MU8EtsvCrX9KHeBUBcZSBMeWDNj/view;https://drive.google.com/file/d/1sLWDR69HLz-N7gr9AHbsv5XNZRiqU62U/view;https://drive.google.com/file/d/116X7EjDTkcT6mdHyp2WSDW4-bqvvtffT/view;https://drive.google.com/file/d/1CnaZQwT5poLFJn7hb-SQ-Ne_doRSysqw/view;https://drive.google.com/file/d/1U-UR-VEcopGxqLKznFbLkBisz8yFvEy9/view;https://drive.google.com/file/d/1ytFxIiM1DmsMvUeSS2DM-Z1H8gNgS-XF/view;https://drive.google.com/file/d/1AS2tz--lWGw5CGtf1TMjqxbCFjJsUFI9/view;https://drive.google.com/file/d/1mzVmX5TuqOdzrYVFcR29EQ-kyxER0pgo/view;https://drive.google.com/file/d/1T78zwyq_W5P0twMXY0L2-Hpo4dDJJkVZ/view;https://drive.google.com/file/d/1mcIxQfNh5s6WjeJsRT45Pj-XJqfm9wkt/view,,4.00511
AV_FW_FlagV3r2with30mm570mm487mmUT_Straight_20260820,post_AV_FW_FlagV3r2with30mm570mm487mmUT_Straight_20260820.zip,FW,STRAIGHTLINE,isolated,20260820,AV,fw_df=-82.460877N;rw_df=-83.578634N;ut_df=-93.683882N;full_car_df=-239.19295N;total_aero_df=-249.877951N;full_car_drag=93.107303N;full_car_CoP_meters=0.747725m;body_df=6.136415N;full_car_CoP=47.474617;whisker_df=3.677127N;wheel_df=9.968662N;radiator_MFR=0.25048kg/s;inlet_MF_averaged_pressure=47.689599Pa;outlet_MF_averaged_pressure=27.524132Pa;pressure_drop=20.165467;cell_count=37706613.0;UT_CoP_meters=0.69485m;RW_CoP_meters=1.720506m,-239.19295,-249.877951,6.136415,-82.460877,-83.578634,-93.683882,9.968662,,,,,,,,93.107303,,,,,,,,,,,,,,,,,,,47.474617,0.747725,0.69485,1.720506,0.25048,47.689599,27.524132,20.165467,37706613.0,,,,,https://drive.google.com/file/d/1ZD4yiwgPccNr5VPcjW0dmtvf8YUjxKmo/view;https://drive.google.com/file/d/1M0OA53bjbGAlH7nc7GA6IFHxZIFYukZs/view;https://drive.google.com/file/d/1LftL2Fs8wTN7Y204EECFiosn73-TXqZw/view;https://drive.google.com/file/d/1N7oNtKHY2EcElzELGLMzsxVxpMAaXHMr/view;https://drive.google.com/file/d/1AakqJ6LV0IIBStKZaCi4Q03HMwnvVaMf/view;https://drive.google.com/file/d/1BK8JKXnTR-Ygp3KUDRxrwAKQUbhXfnJT/view;https://drive.google.com/file/d/1yAYkobOsNJSb8IDfj_k1wa8_IP7F6vsx/view;https://drive.google.com/file/d/1JRzNCVhVXy0O2AK5jxazWDxmSMa3zZ4C/view;https://drive.google.com/file/d/1_N3aAoXf3nGEMoG4yYe9R8PBotZ0Jg4z/view;https://drive.google.com/file/d/1UiC8unezPubKrq-KNLeBAk5hN-c-iDo5/view;https://drive.google.com/file/d/1DxZiOAE4oTtPD-w3FHHfyIuvGwCfx2KY/view;https://drive.google.com/file/d/1QzjGVQMG7C_Y01eFulpeLJpFVWyjVGrn/view;https://drive.google.com/file/d/1--hkwAwxpEy9k-TaTWJcrT7B2X0XgZh7/view;https://drive.google.com/file/d/1nO3HODuAMIReX2Xkv8Yiee1InTiRKaCR/view;https://drive.google.com/file/d/1HOl62o4dQioJQe0SqiaWT9FWmCRWqljb/view;https://drive.google.com/file/d/122LFKlV6S8PK4VAlSwNwE7ovJRCoCBnq/view;https://drive.google.com/file/d/1lN8ET9ZulkolY3Krgn6jkNjg8JWshonf/view;https://drive.google.com/file/d/1FvisbqikD2bwzQD7YdcvoodONHqAdK9c/view;https://drive.google.com/file/d/1nfQYpUv9VcJmz4NLHkJKPRqD0ZfZqItS/view;https://drive.google.com/file/d/10HErV8CNKLQhZ4cAlFf-x4QzJWlifGPA/view;https://drive.google.com/file/d/1Hju0NVK34RT6ItO1oe8Zbm2Qa11RS54Y/view;https://drive.google.com/file/d/1z6HamE9SrjMPEOiPT3fO0rbEjLyZb_H4/view;https://drive.google.com/file/d/1ZOUxyAZdW8B8xodatY5s7Dqevi8DpccB/view;https://drive.google.com/file/d/1VQX1xeo8g6suQM6c1IkE-2yRlVcbSas2/view;https://drive.google.com/file/d/1BwzxjgzkquGXXovXG9u6vxhAUfnEpfR5/view;https://drive.google.com/file/d/1LGdQ7QNball8vwO2MriK8oVJx0g0gVAU/view;https://drive.google.com/file/d/1cdJJ3-B64yYu6JhAgDPQwJSDW0MK6av9/view;https://drive.google.com/file/d/1o-3K3P0COhzOQH_j5MGsH7VaJapSaTno/view;https://drive.google.com/file/d/1N1XbBWZkwxfsYXf6z1tWr57kGTtk9oJm/view;https://drive.google.com/file/d/1LFxMoSaimZDvS7Z70oNsJNzyhoBRyRFw/view;https://drive.google.com/file/d/1SrfzP-TmOpjCsT9tCyJz7icYwVxAE5_p/view;https://drive.google.com/file/d/1JeIr-py_H_5vCv1sG6i6hurDzZUmBAyN/view;https://drive.google.com/file/d/1EbpvvMGIaPLrbPOR0Po-8PetRfZCKGzd/view;https://drive.google.com/file/d/1Wayoomd3GvE1iUimKiKZz0lxshGphVll/view;https://drive.google.com/file/d/1xd0uxT80ftpgZnwea8kuUPCMCRJZZ5AJ/view;https://drive.google.com/file/d/1odBxQu0UJW99BkDkNQeoqS3HJfs-PWNq/view;https://drive.google.com/file/d/1k6joo9fxSOHdLZWmkI1kNNwG6ZeSDMRp/view;https://drive.google.com/file/d/1KqPLoCZpWhSmtVtPOruuuE3HOCBrI4zY/view;https://drive.google.com/file/d/1L6BVai1NEveFV3HEdUr5bEHX8Ky4J1I6/view;https://drive.google.com/file/d/1yLeXnBQjGQpg7nllX6TEzFLBMSA5YMos/view;https://drive.google.com/file/d/1nsHcAuHgLs5VH7H0AaFHrObxDH9drFaX/view;https://drive.google.com/file/d/1PhdKijmce2SCB9zKpZIRd1a5aAt2xrhE/view;https://drive.google.com/file/d/1IyYq95wpp4fCoUlTwBBmyXzBBzt50GYo/view;https://drive.google.com/file/d/1CzMkveC7uoqzMAmVV8eDOKA4Y-mES9_1/view;https://drive.google.com/file/d/1KDiJulxYo8J_c_RV9uzr-KYEt0z8_mol/view;https://drive.google.com/file/d/1BQLTrfVeJcX3xn4h4LIxQBbAMBdqR5EB/view;https://drive.google.com/file/d/105vKoVkLOqhROkZYMQ8j2JYZ6kBIZ2e3/view;https://drive.google.com/file/d/1mos9YRbcwu64RSmbFaPg_Wn2-9-u0NVX/view;https://drive.google.com/file/d/1ylmBcE-VKsmU3crgUjGWdQ1Y9UAuS_ll/view;https://drive.google.com/file/d/1MzM7IWd9fj65kFaaq79uDKNK0U4gn6A3/view;https://drive.google.com/file/d/1QLjMaxuWXCvT39BhKj9U76hB6NffLrBL/view;https://drive.google.com/file/d/1AtpvbFadvUkU-KH3Qbonxlz4PmNJfRS3/view;https://drive.google.com/file/d/11YYoKaQKFPEDyatTWV5O3fVm2WoVvJyU/view;https://drive.google.com/file/d/1L5A5F1FOPyI3Kh_dOwy2WZ5lu3PGJ-ZT/view;https://drive.google.com/file/d/1wIwrAcsRfw_0ZWCo1fBekNUH57JEXEdK/view,,3.677127
AV_FW_FlagV3r1with30mm570mm487mmUT_Straight_20260820,post_AV_FW_FlagV3r1with30mm570mm487mmUT_Straight_20260820.zip,FW,STRAIGHTLINE,isolated,20260820,AV,fw_df=-82.17698N;rw_df=-84.692552N;ut_df=-98.598353N;full_car_df=-245.864569N;total_aero_df=-255.685774N;full_car_drag=94.046958N;full_car_CoP_meters=0.755533m;body_df=5.86046N;full_car_CoP=47.970367;whisker_df=3.877359N;wheel_df=8.916574N;radiator_MFR=0.292124kg/s;inlet_MF_averaged_pressure=63.07033Pa;outlet_MF_averaged_pressure=37.74455Pa;pressure_drop=25.32578;cell_count=37684551.0;UT_CoP_meters=0.695565m;RW_CoP_meters=1.723464m,-245.864569,-255.685774,5.86046,-82.17698,-84.692552,-98.598353,8.916574,,,,,,,,94.046958,,,,,,,,,,,,,,,,,,,47.970367,0.755533,0.695565,1.723464,0.292124,63.07033,37.74455,25.32578,37684551.0,,,,,https://drive.google.com/file/d/1jbkY8zktX95aHQc2KtBlA0yQ4Hkk9y-O/view;https://drive.google.com/file/d/1OVZtpNxtBoXX3QH9DSTr-2pXXbkUkH2P/view;https://drive.google.com/file/d/1Q0XLS2eQpSszS3KXxDsc02XupcElHm_d/view;https://drive.google.com/file/d/1nDMr054ioh0tcufT76sVhGSTsDViWIfp/view;https://drive.google.com/file/d/15PMnVtYRYgLBK-ZxHpGsOu9fUDI-ld59/view;https://drive.google.com/file/d/1YM90EyTqND3cSVe9Ma9bPKwM2bozhc0Q/view;https://drive.google.com/file/d/1jAy-_BU1yWy8mRaLkxUNiNrYrcMASqNx/view;https://drive.google.com/file/d/1wIsXdRq0vkmCeL2lai3wT8Wzr22Lbbr4/view;https://drive.google.com/file/d/1V3ilVy1EdnbucJvzREREdaMuKGDNfob3/view;https://drive.google.com/file/d/1lPrRTF8km_HVF8vUBuUaIqlN-PgqQMeS/view;https://drive.google.com/file/d/1q9AyXUxz9haVU7c__lFXbSsWRYrm29e5/view;https://drive.google.com/file/d/1C5mcdj7DYeVNupPmnWBzY_BdfPv-LmnO/view;https://drive.google.com/file/d/1Zu-x6zxNZk_06cLgfhJtzLQ77xTJtYry/view;https://drive.google.com/file/d/17Gizb4VOud0WPNaBNW-sLvllsjFV3nhA/view;https://drive.google.com/file/d/1itScPUxSPUgU_9hj8f7AwymatUzrkq1L/view;https://drive.google.com/file/d/1gjTmJoFsUIx6AosX5xkG72HPcA_W7Yj_/view;https://drive.google.com/file/d/1Vj5iXQis71Qj_vL-W5N4ov1G7slYme2q/view;https://drive.google.com/file/d/10TFkxDMoeaeCMfXeOlPzgkRrp9dPLoB5/view;https://drive.google.com/file/d/1V_KxGYh2cjGgdoZ4OwtaOL9QTIjTfjQB/view;https://drive.google.com/file/d/1xOySF2EHWhT4L3nWOrzOrtmdd15vMaFb/view;https://drive.google.com/file/d/1q3ReX49SW4Cov9PyAuhq_84bQyqZkTAy/view;https://drive.google.com/file/d/1QJ67clMYW4o2ZMRKMUaK1JO7DfoWqcUr/view;https://drive.google.com/file/d/1bloZ8v8XT_svtxJNb6e4Lx0jv8sNK97M/view;https://drive.google.com/file/d/11vdKyGMTqfLcds6Va-OoDeVDXty6-5yQ/view;https://drive.google.com/file/d/1CYR3o42KLhW1RHwL-wV_qNhuOPbJfPSR/view;https://drive.google.com/file/d/1AeGzq25FaGOwR3m2X8fsmhPgOvVjkwYl/view;https://drive.google.com/file/d/1ItGaCyxScTldibfIB8Qdq_T_-vUz5X2G/view;https://drive.google.com/file/d/1xFdoeczh9XpnG7epefVAUMiZDsfOfJFe/view;https://drive.google.com/file/d/1F4N9OSQ1W0L1xCjb6cEqO4N84qaf657W/view;https://drive.google.com/file/d/19f__HGvhXFMHeQqivgeIpF8VAGmzaam5/view;https://drive.google.com/file/d/1hmWC0YZHIzruXHqY6tX-nkiRKo5PhQV_/view;https://drive.google.com/file/d/1lX_KruR-hOtzx4iQ_Rd9qG8JHi8gK0lJ/view;https://drive.google.com/file/d/1wmSK-eMdqJcSrME5X0mKhfWJsdQfMZN9/view;https://drive.google.com/file/d/1Z3ml17ucmGT9sPl04zVQrj6zPg4ep-E2/view;https://drive.google.com/file/d/1u-gOUunwj9tmFchoEP6yKwQPORJW1uxn/view;https://drive.google.com/file/d/1z426SL1-2KzSseZTGZCOw6KoAKQeTr1j/view;https://drive.google.com/file/d/12aLlHlJp1ZewCSbvasu8loZUenl7xI7k/view;https://drive.google.com/file/d/1Fnr49-2Wm67bvB864UhTa241ubk-qjxc/view;https://drive.google.com/file/d/1pgMy85sxKFclxkTivNgqXfAzniejCWwW/view;https://drive.google.com/file/d/1OiXihppsFmjm1QCF65FQsbiSFHAIKLaH/view;https://drive.google.com/file/d/1xNXzWl4Gz9_FLIbX5ST5EA0ePbxZdl1y/view;https://drive.google.com/file/d/1GFT0Il7E9XP_bkMEC1eTF9U0t9tsHsTK/view;https://drive.google.com/file/d/1p2xS4rYQmRlv-pcPQQ8wHtwxzldYA-TJ/view;https://drive.google.com/file/d/1atPpP_LEhPtNgPKsIZOtowbK5BvQYnoF/view;https://drive.google.com/file/d/1JGIu54nBSS5UIbZmO77huwx-30rLvQIo/view;https://drive.google.com/file/d/1vJ2vKN9pkc0TesTpoZ6mgfxsl-GXSs_U/view;https://drive.google.com/file/d/1e7XaFW8UkQ7bY1dEmAaNupG39BVbzpPb/view;https://drive.google.com/file/d/1xgpQZclkj55J-FJWw2irpNMArdXXX7Ix/view;https://drive.google.com/file/d/18lUvQIlUtUAhu3fFuaBuiL3OAsVksQLS/view;https://drive.google.com/file/d/1XXS8vzx6RoVXln_aK2Rs3qbraxHviaDT/view;https://drive.google.com/file/d/1jfprpFx5ZuUbabc0juSsoqAYP6CQWGP4/view;https://drive.google.com/file/d/1AXnUtuRSE9cH4rdooFvrqZj1Y6HLvW2u/view;https://drive.google.com/file/d/1_MkhwYMVgbmwPEXpPiJXHq6PnT_6bjCM/view;https://drive.google.com/file/d/1ejq912Yiu2DFCOtrf9llFLC8CdtQa89X/view;https://drive.google.com/file/d/1rDkNnttKWKa0rrCHl8mxc-Zsn_7rkWNo/view,,3.877359
DY_RW_mountingIncluded_straight_20260818,post_DY_RW_mountingIncluded_straight_20260818.zip,RW,STRAIGHTLINE,isolated,20260818,DY,fw_df=-74.9781N;rw_df=-97.156613N;ut_df=-44.579203N;full_car_df=-218.006678N;total_aero_df=-223.03365N;full_car_drag=101.864165N;full_car_CoP_meters=0.906375m;body_df=-10.909289N;full_car_CoP=57.547604;whisker_df=4.92839N;wheel_df=5.026972N;radiator_MFR=0.0kg/s;inlet_MF_averaged_pressure=0.0Pa;outlet_MF_averaged_pressure=-37.829347Pa;pressure_drop=37.829347;cell_count=37825038.0;body_drag=25.384234N;fw_drag=7.49479N;rw_drag=49.701551N;Total Aero Drag=67.136272N;ut_drag=10.660901N;wheel_drag=8.600754N;Whisker Drag=-0.720971N,-218.006678,-223.03365,-10.909289,-74.9781,-97.156613,-44.579203,5.026972,,,,,,,,101.864165,25.384234,7.49479,49.701551,10.660901,8.600754,,,,,,,,,,,,,,57.547604,0.906375,,,0.0,0.0,-37.829347,37.829347,37825038.0,,,,,https://drive.google.com/file/d/1Ats0uzDwtkzEZGXUXmsLq8rRmdT4fl6o/view;https://drive.google.com/file/d/1hhdtAo-JPUtcX7bq_Lih_Nom1GNeLm67/view;https://drive.google.com/file/d/1A8eHm6nMDTtF7cSc1MCmbdugh_W1hDTh/view;https://drive.google.com/file/d/1eSbiNmV_Z2y-NZb1glgado047WaVWC6w/view;https://drive.google.com/file/d/1KH428-6WHe5UC2fdTo7k4nofiRBw2A_n/view;https://drive.google.com/file/d/1vTNovzqR-2WRjmOZG5n1kiL28URQX6Vc/view;https://drive.google.com/file/d/1gNTA6zidHzff549gEYSlU0xrf17P_vl1/view;https://drive.google.com/file/d/1t7KbV_UEf6YojHzzOhsMvoUCIsSZiwBN/view;https://drive.google.com/file/d/1FUkhROCzRIh-GGTmcNIMr9i8B5TzY1Xc/view;https://drive.google.com/file/d/1TSmV_rDLuNtEQnc5LOOvIsRquavh83dH/view;https://drive.google.com/file/d/1TPtYaL47u-NgOKrojyUkCiYrWTfX4Gfa/view;https://drive.google.com/file/d/1WvCJ9X14PQP4_8XzXExKTcKQOrAHbE_0/view;https://drive.google.com/file/d/1GDZbhcXmz4jQwhj2HGnVfuSmA7iFXmzL/view;https://drive.google.com/file/d/1Vq8t5rMVY-vToep2PZ7eMNSIlBxIzgj_/view;https://drive.google.com/file/d/1HMAkWYkj0uYawg8ytTJ_T-QyYixfXh28/view;https://drive.google.com/file/d/1PzeDWkpFH8TF4lUmsOs5r-QdT4L6MqhX/view;https://drive.google.com/file/d/1Cyp5Nz1WI9KgkjZxY09-qEzj1x8j_u7_/view;https://drive.google.com/file/d/1Ldclf4tXBAiY5z_kHPTHuCYdkBzPolFh/view,,4.92839
MT_UT_30mm560mm480mm_Straight_20260823,post_MT_UT_30mm560mm480mm_Straight_20260823.zip,UT,STRAIGHTLINE,isolated,20260823,MT,fw_df=-85.594664N;rw_df=-94.265857N;ut_df=-99.017722N;full_car_df=-257.368648N;total_aero_df=-268.66639N;full_car_drag=107.158364N;full_car_CoP_meters=0.805031m;body_df=6.467411N;full_car_CoP=51.113058;whisker_df=3.770108N;wheel_df=9.299339N;radiator_MFR=0.293838kg/s;inlet_MF_averaged_pressure=63.220926Pa;outlet_MF_averaged_pressure=42.954451Pa;pressure_drop=20.266475;cell_count=35776872.0;UT_CoP_meters=0.686482m;RW_CoP_meters=1.73783m;ut_drag=12.991076N;Cd=1.655527;Cl=-3.976178,-257.368648,-268.66639,6.467411,-85.594664,-94.265857,-99.017722,9.299339,,,,,,,,107.158364,,,,12.991076,,,,,,,,,,,,,,,51.113058,0.805031,0.686482,1.73783,0.293838,63.220926,42.954451,20.266475,35776872.0,,,,,https://drive.google.com/file/d/1oQHtJ1nd6etE5kqmccwcBvo4PCrDafTR/view;https://drive.google.com/file/d/1znE4TrUDaolXZxMIzXdY5i_pxt6kePtk/view;https://drive.google.com/file/d/1yMLtO5dunWmY_OIYQd9O5eAB3Yl4hOSB/view;https://drive.google.com/file/d/1zInSlB2kwjlT14YfCTVDSHCWK4GNrnQk/view;https://drive.google.com/file/d/1ZCRs95mhtSMrO1XGSKRClGtVUkzFxn_H/view;https://drive.google.com/file/d/1KMRd2dSUaMurg5pCbykXMA81MS6a3kL9/view;https://drive.google.com/file/d/1NNsGXwlm8_cxS66Lo137tPhCFCR0g2Z1/view;https://drive.google.com/file/d/1QGaxuIUGm-SgBm6EQDZLWoNaivIAvmIe/view;https://drive.google.com/file/d/1lc_Mf9D9lXnht-T2CWq_xo6gq44k73sp/view;https://drive.google.com/file/d/19PaY4K-rOLBb6AYrayDj1xNJslKJ2xM2/view;https://drive.google.com/file/d/1n9vPsE6LDcrF_9Ry_G1Zuzt9n_vFfudN/view;https://drive.google.com/file/d/1PZCkrqKbnR5cHnLDcXMxfpsFRO30puie/view;https://drive.google.com/file/d/1zA21DYkG56yUaSMC92i3TUh31rpfFOmA/view;https://drive.google.com/file/d/1ulvyN-VaTIqgXrA6FwY20vGC6TI8IEjg/view;https://drive.google.com/file/d/1ECyATJ7S4PSpQlvFFZ4sEYvsm5TVivpt/view;https://drive.google.com/file/d/1j9e8W5nYn3DLo9I6nYaXOnyK-ukGi9dB/view;https://drive.google.com/file/d/1bVcedvqsgoMaYjScxDQmqLb0bZKF-xo8/view;https://drive.google.com/file/d/1pvHQpgQEGxesVanSnvUheKXf0qKbgyg6/view;https://drive.google.com/file/d/184Oj9Dl0qXPVp6lqccICYCiFb_iQqCSw/view;https://drive.google.com/file/d/1xZ9I1Q3N39bWmaUW0JdNtyOQgVnaLay1/view;https://drive.google.com/file/d/1VZiOEaJih7_csvpuK9wH490uOiUF6jVg/view;https://drive.google.com/file/d/1hlbAY_wss1ZRGhd2_LiQGXFP7_j6uFxW/view;https://drive.google.com/file/d/1nkYWzo3HwpE-itHwU_fOnuWxGmQ6WuMa/view;https://drive.google.com/file/d/1FtzFZsVdrEG6KdZ_qp_3uVF5CgHSYE4c/view;https://drive.google.com/file/d/1y5ES580TSpXxi7445bECJRlgej8eKieb/view;https://drive.google.com/file/d/1PmhzzlpKWlIzfoy9rO7C0B7MI53d3Nl3/view;https://drive.google.com/file/d/1HP1D0AzCB3tUO3-tofHV9bxXT-w8Y8Dr/view;https://drive.google.com/file/d/1KQv2vfi83_Ey4XYbWCA3iz5yAsCLH_ez/view;https://drive.google.com/file/d/1t2lMbILrezFGMQMsvk2TMNJQNlhcDA8J/view;https://drive.google.com/file/d/1RB1d1kXxm5_VxgH4PjkOjmg2lOYBvnbJ/view;https://drive.google.com/file/d/1IoJ1ZOiyoXz92j8inZh2kIrSQ5WWriYJ/view;https://drive.google.com/file/d/10bSRi3Ek3bJa6qocJUA5Gi9-uczPhrNo/view;https://drive.google.com/file/d/1LvFjjJvHAWvX9J3XCEO9fMR87RushLX9/view;https://drive.google.com/file/d/14PZ3T0UWc-LDY7jpAKQ88iIkkcvwHt-F/view;https://drive.google.com/file/d/1HgrI4EATARmbfsjgSCI3N4eEWxclpSNF/view;https://drive.google.com/file/d/1wZqGjv15us8b5zPYmk9HfClqkqvGPFOI/view;https://drive.google.com/file/d/1PO_suykLHlLRa29WfTt4GeIABoyobEp9/view;https://drive.google.com/file/d/1HqARNel90NVdjLo5ZY4Zc1k7FwPH7cI6/view;https://drive.google.com/file/d/14mNc9A9LG_Q3q_JxmixrAOwln0uulGnl/view;https://drive.google.com/file/d/1EzEUCAhDjDpiPf04fH9BLSURasKAOevK/view;https://drive.google.com/file/d/1WOZwFkIAiBTZnHTbocTf7LZ0Js0L61aU/view;https://drive.google.com/file/d/1S6YuKtJ3T415mLHYeylKyYarGcV9et6h/view;https://drive.google.com/file/d/1PJpg3ipTJEVd5gquTqZtUUF_2e80aWGS/view;https://drive.google.com/file/d/1JVcJ7NTXLMgnxqXvDtpM7L4ghTLrdZ91/view;https://drive.google.com/file/d/1X3w6B5WmUy74a6HK2RK9_rFJlyYcCuhJ/view;https://drive.google.com/file/d/1C2JfbxtVE3-Zvoyd6rByhG1ghs7f7qwJ/view;https://drive.google.com/file/d/1CS6Pr1wjo_mzAhLNA6yP-C_0T--ry0rr/view;https://drive.google.com/file/d/1ctDbnn0bmSnrZ8kiJeXspqXOjgSfgDdq/view;https://drive.google.com/file/d/14klU59Reg52aMFArrMblneRJWakuZbS4/view;https://drive.google.com/file/d/1uJQe2XX41Dhh2hXWXOuxtNtRToMQGD2D/view;https://drive.google.com/file/d/1W4rwX_EIMGCTVwRP3rQUNAKQVL9c4J4m/view;https://drive.google.com/file/d/1-DR4Y2s9OYiRFyjd0jY4IXCYwFfqEGPo/view;https://drive.google.com/file/d/1NnO38jc06cxyV-42hFbIkFMdEq1_376t/view;https://drive.google.com/file/d/17m2K0ZS0Ar6ZxvQb7lHITf9g6BtnlB9w/view,,3.770108
MT_UT_30mm560mm480mmtry2_Straight_20260823,post_MT_UT_30mm560mm480mmtry2_Straight_20260823.zip,UT,STRAIGHTLINE,isolated,20260823,MT,fw_df=-77.593241N;rw_df=-87.523121N;ut_df=-75.217304N;full_car_df=-221.711957N;total_aero_df=-235.415079N;full_car_drag=50.737741N;body_df=9.702548N;full_car_CoP=7.131583;whisker_df=4.918586N;wheel_df=3.93705N;radiator_MFR=0.309166kg/s;inlet_MF_averaged_pressure=53.802678Pa;outlet_MF_averaged_pressure=22.476211Pa;pressure_drop=31.326466;cell_count=37610745.0;body_drag=24.976182N;fw_drag=7.688809N;rw_drag=33.207635N;Aero Drag=48.975337N;ut_drag=8.74473N;wheel_drag=7.441149N;Whisker Drag=-0.665836N;CdA=50.737741;ClA=-137.765085;EL4_df=-53.064101N;EL5_df=-15.000313N;EL7_df=-16.48396N;RW EL8 DF=-3.57625N;endplate_df=0.66899N;RW Mounting DF=-0.067487N;EL4_drag=11.169018N;EL5_drag=16.210969N;EL7_drag=0.579072N;RW EL8 Drag=2.012886N;RW Mounting Drag=1.061636N;endplate_drag=2.174055N,-221.711957,-235.415079,9.702548,-77.593241,-87.523121,-75.217304,3.93705,0.66899,,,-53.064101,-15.000313,,-16.48396,50.737741,24.976182,7.688809,33.207635,8.74473,7.441149,2.174055,,,11.169018,16.210969,,0.579072,,,,,-137.765085,50.737741,7.131583,,,,0.309166,53.802678,22.476211,31.326466,37610745.0,,,,,https://drive.google.com/file/d/1xu1Md1QJRxG4SWNrxKxYKsgpYGdK6tzs/view;https://drive.google.com/file/d/1jQEEzJUazDCgM-_iTotE9yGxcOTeN6Hf/view;https://drive.google.com/file/d/15fnragaUuucy2_j9kkXxFPC-Rbbq2iCI/view;https://drive.google.com/file/d/1e6YCS1-8GDMlO2pu6_twaRfKbMVsCT8o/view;https://drive.google.com/file/d/131-UL4K20yynAqYlc6Qx9G6SVzZZKOA8/view;https://drive.google.com/file/d/1mf1MBUy7HwUKbxA0dVall7kz-qD4t96N/view;https://drive.google.com/file/d/15iFf6kovWX_EzdXQThzJIakRL0Urj81b/view;https://drive.google.com/file/d/1Lp2Qb6YoolQCLDRCALLVydNu-FKTvZ9m/view;https://drive.google.com/file/d/1BIOzLtjz0mhaVgnTtCRNy-nLwGwGpLxc/view;https://drive.google.com/file/d/1fcg3WfsO5lrOw4KoilKGglBDazcRgd4v/view;https://drive.google.com/file/d/1DFNJIJPvx2Bs8I2ni0Fi2VTUG7d7WB4n/view;https://drive.google.com/file/d/1bwLNIQhPzSefvk-e4eki7DUQ5-x7X-rU/view;https://drive.google.com/file/d/1yd8CBoWPf-dnehWLEFXe2QBk60JyC1x1/view;https://drive.google.com/file/d/1MCi-WUGb5-Y0hhaovF_THzly1UNxNj8y/view;https://drive.google.com/file/d/1RsNztBMTQAwLkLol1QIhD-4Ot7dclKvd/view;https://drive.google.com/file/d/1UYHG3X8yBZETCirgIkWr3znCnWDAGSrs/view;https://drive.google.com/file/d/1ATVGywOV3D9j0Uj5QCxqsHTuuTSN77_S/view;https://drive.google.com/file/d/1Z8gKdwJ_nX2PYCg4i8IRYxF0E0qU0wQa/view;https://drive.google.com/file/d/1Zbabv6KTKZKFfi52HwJrcM5d7GMg78lk/view;https://drive.google.com/file/d/15MNHlwAFVLtkYtlsOvV5O-Lg55zU0-ZC/view;https://drive.google.com/file/d/1yMEKlAJmSVNSLfCbzPlasCmGSjLEXN91/view;https://drive.google.com/file/d/1r76o-BSDebl5khkNFgA56o00vxPB88FN/view;https://drive.google.com/file/d/1ssmsKHhlGflNxNABxjB5ycMyfJDGufrw/view;https://drive.google.com/file/d/1aT7rME0M36VkRZ4a9LHzPC6GuzI1_k6B/view;https://drive.google.com/file/d/1CuG3WWlWAbONIBVwvYxJwxaOQuobcWuT/view;https://drive.google.com/file/d/1flBqYAyYKIFoKuTT_gqy3NkYXI4Hn7Rf/view;https://drive.google.com/file/d/1XrFG6Alx8c1viIZu6jqJ5L2Mx7aobwqn/view;https://drive.google.com/file/d/13f97qNg0a_eDXQMACWTjHD56sw9ITe24/view;https://drive.google.com/file/d/1s8jrKdQfi1lTl-64EvlhsruSkhcPyzEv/view;https://drive.google.com/file/d/1cMEc25slw5gL4YHgwlLnSnuTb07m2cng/view;https://drive.google.com/file/d/1e46vJbt3vaILTQ7qHzy4q8WsarkQUPIM/view;https://drive.google.com/file/d/1R_C45QJ7ksH-azv38xoS60RlZTn4Dlvc/view;https://drive.google.com/file/d/1ZxpMsLhS1N9hVmfQu8tk-EgftsER2bev/view;https://drive.google.com/file/d/1eMADL2ecfxKJIbv7USEun6EXEfZ4eaAk/view;https://drive.google.com/file/d/1Q3cg7DNNmrruRuJZvjhfCW9H-Np8mP87/view;https://drive.google.com/file/d/1rQHXbrbs-xSj_-K5w4xV3sFhn6IzVQrC/view;https://drive.google.com/file/d/1svjLhKTu7xBEoOtAItmit_w2TGt6AF59/view;https://drive.google.com/file/d/1DEDUyyJzAiN_1tz31dqSGtx1N6RV2Pg3/view;https://drive.google.com/file/d/16RSr1lGVjksSfkIyAkiTrmu8qRtG1qvz/view;https://drive.google.com/file/d/16_BBur5OWG5E1ImO98kne1fIIIPUl0gF/view;https://drive.google.com/file/d/1nJ6jdKmsb9xAgwX20G2HWwV5qUFUzLkj/view;https://drive.google.com/file/d/1od9OuQXhdDKKG2y1u-lmJPIv0CEBnIw2/view;https://drive.google.com/file/d/1esx3irAnhDzgFzUAVmTTrZ64Evn6A7-L/view;https://drive.google.com/file/d/1VwKvlpXoJQpkHWKw8Xy5SkGAltctm-5Y/view;https://drive.google.com/file/d/1WUUzywWRU_dTdkOYqTjtXzvzIQs8Bfwk/view;https://drive.google.com/file/d/1TGWaf7CEbGjKJ5WgSqGIioWmjkUUqMGS/view;https://drive.google.com/file/d/1q3Ws0VRmBYERBnYNijzpld8RzfArY9Nk/view;https://drive.google.com/file/d/15FxCd8-nQIXGp-NoLDYoRP1ph5xzi-9-/view;https://drive.google.com/file/d/1Pjst8cdbcys7U3ElvmRWTQ0-XoYxSdlj/view,,4.918586
DY_FC_Baseline_Straightline_20260824,post_DY_FC_Baseline_Straightline_20260824.zip,FC,STRAIGHTLINE,full_car,20260824,DY,full_car_CoP=48.962307;radiator_MFR=0.285963kg/s;inlet_MF_averaged_pressure=59.98808Pa;outlet_MF_averaged_pressure=40.79409Pa;pressure_drop=19.19399;cell_count=38551249.0;ClA=-1.783108;CdA=0.687608;rw_df=-84.813971N;ut_df=-96.294661N;fw_df=-85.561406N;body_df=8.247513N;wheel_df=8.649384N;whisker_df=4.001181N;full_car_df=-245.734535N;Radiator DF=0.283572N;body_drag=24.531919N;full_car_drag=94.760994N;fw_drag=8.495169N;rw_drag=39.190672N;ut_drag=11.395265N;wheel_drag=10.915651N;Whisker Drag=-0.529824N;Radiator Drag=1.184643N;EL4_df=-51.541993N;EL5_df=-14.463652N;EL6_df=-4.288131N;EL7_df=-11.633938N;EL8 DF=-2.742064N;endplate_df=0.006976N;swan_neck_df=0.03175N;carbon_rod_df=0.03175N;carbon_rod_drag=0.182975N;EL4_drag=10.516327N;EL5_drag=13.2601N;EL6_drag=8.718479N;EL7_drag=0.470719N;EL8 Drag=1.313336N;endplate_drag=3.618678N;swan_neck_dragf=0.182975N,-245.734535,,8.247513,-85.561406,-84.813971,-96.294661,8.649384,0.006976,0.03175,0.03175,-51.541993,-14.463652,-4.288131,-11.633938,94.760994,24.531919,8.495169,39.190672,11.395265,10.915651,3.618678,0.182975,0.182975,10.516327,13.2601,8.718479,0.470719,,,,,-1.783108,0.687608,48.962307,,,,0.285963,59.98808,40.79409,19.19399,38551249.0,,,,,https://drive.google.com/file/d/1QPvzHwAersHyyf_bOUbOuq23lIJwwSxu/view;https://drive.google.com/file/d/1LUp9xOVdx5wivUTpTwi-TP9a_Ri2VnDY/view;https://drive.google.com/file/d/1v0y9a6EowxdL_HlKdLo-E6rRPp49Y3-z/view;https://drive.google.com/file/d/1er0-TFUybWFcZpNs-ydE4Gy1pNvXVO8P/view;https://drive.google.com/file/d/17KjAQx-t8TyvMb48lbGvEBCsTBNyJ0Wp/view;https://drive.google.com/file/d/1NcEQD_quBahl-EZSv-B09outZ8amBCEa/view;https://drive.google.com/file/d/1Px9tAOIeMgIBMWq73kVShvRHyQ3eC0IU/view;https://drive.google.com/file/d/14ZmorV2pr-lUkNptSJF6UoZHtKp7Kj2J/view;https://drive.google.com/file/d/1sLlTF02qv0JDYLNAJdTyB5BKl7zhhK_C/view;https://drive.google.com/file/d/18TH-pBfjqNafP7SZIw0aqAwoUblGU87y/view;https://drive.google.com/file/d/1Px5e1FJ44VccZ9zV5qLSCN2RSiDm6nch/view;https://drive.google.com/file/d/1R8DKTGM-yYoOPMfvIuAlwzaHV8cRJXU6/view;https://drive.google.com/file/d/11Rqu2x7qXxgAHejyGQv1S-CqRq2BcZdA/view;https://drive.google.com/file/d/1e0SvuNDVisXGN60srpOVo-iwLUBVhv-5/view;https://drive.google.com/file/d/1r5p2tL6ffd1Pv3xEEREIqIobIDpJHVeu/view;https://drive.google.com/file/d/145xVzsisjkcPLF0tEe6djRjXg6-xkJoA/view;https://drive.google.com/file/d/1NeeUQ4ckCzCT8G8-N6enDPikcKso79x6/view;https://drive.google.com/file/d/1EvMT-kHjQtpWYBT50Q19x4N0xoDppiKK/view;https://drive.google.com/file/d/1b6eGjvsHnpcL_tpkdSYyjpogjIfcJh2A/view;https://drive.google.com/file/d/18mV0ds-fMpk7AHUHclMeqjiweCoTnaVo/view;https://drive.google.com/file/d/1fDEv8gGxK7YO_y8t3koF3ks956HIyLqu/view;https://drive.google.com/file/d/1bC-J5jupVR529voAlWXVY_Z9jqbY1K1L/view;https://drive.google.com/file/d/1R4sKdaMzihNUhbhnpC4XdWMUCijL6Ps-/view;https://drive.google.com/file/d/1523cqF-IOUl4Z30xYYAx8YDn-Eyqtppw/view;https://drive.google.com/file/d/1BYuOozQLcct3n4e8KqVSMPPRqSBnnctv/view;https://drive.google.com/file/d/1K9oA_oYekVy99aCsh8c-eYppaEMNVqD4/view;https://drive.google.com/file/d/1-6hAxI2AQxjWZ4ytJxWrFvYqAC6rZNzq/view;https://drive.google.com/file/d/1p-0TZdfxoxBN3RgE5TNW4NLUagZEFP2d/view;https://drive.google.com/file/d/1xeYNT2gBkolrh3mjPXMiocrbPsHAU0xC/view;https://drive.google.com/file/d/1cv2mPZ6sfexzUO0NFUBEGoURJOa19M-O/view;https://drive.google.com/file/d/1fmhd6ObXKR6isVV8C9yZ5FN1OdY32CpV/view;https://drive.google.com/file/d/1ICJ3xOhLs1DEugEyan4WeFoSOXpawp1D/view;https://drive.google.com/file/d/1eTJRYD5jXQdwsXWJMr_GWKU6zCjRyPC1/view;https://drive.google.com/file/d/18eIfmcs7pfsoQJzleFkNc4fKNPXNdB11/view;https://drive.google.com/file/d/1Y4kmlxm-IXggTnIJI5ftvnqPT-UZvhyQ/view;https://drive.google.com/file/d/1UIZhTrDDoXWJoA_9IGxPAeFcF08KXs10/view;https://drive.google.com/file/d/1qX6BEyS_O5ANrenDMeOqvuFwR17eFb7r/view;https://drive.google.com/file/d/1aU2Ol2cfvH_jVMzPoBx35L6xOqLVRZPB/view;https://drive.google.com/file/d/1GCsttXxIF_fOUICspL2gfwhK0sJkDpSr/view;https://drive.google.com/file/d/1o68chF7btxYTvOb8FC0kOP9UizWqrb38/view;https://drive.google.com/file/d/1W_VNaskZPFwa8oRMJwvVL8oQRoCAC4jq/view;https://drive.google.com/file/d/1CTnUiNHbW_ZZy4GUtDbI3IKbz-8oX9GI/view;https://drive.google.com/file/d/1zek1GSqmKdC0towiBVfs8XtUqH9xrMJ-/view;https://drive.google.com/file/d/1Fa9YGLpiHhewfuPF1JuZtUhBl7MhEc6G/view;https://drive.google.com/file/d/1VC4t0hmX63Vilh01LNvQ5MskMH91sxjt/view;https://drive.google.com/file/d/1jCv3HdBCggpMUmjkukOwOXVLJc3WEKGC/view;https://drive.google.com/file/d/1CGZiUXwAooplVl5VcqrFSRuBjBmE2_Z9/view;https://drive.google.com/file/d/1-PYCiRjt90wY_vp01WEWR7SVTZizGm6q/view;https://drive.google.com/file/d/1lY7A1uNDRGPdngq50BNwL54d0oQHRa42/view;https://drive.google.com/file/d/1XxX21sawOwV0VlBo-1bQx9ZYaLGlSuFr/view;https://drive.google.com/file/d/1mTLOXDon2LKn-3uYFGa6osReZLs0GmEp/view;https://drive.google.com/file/d/1gLO4hHeYs5Dw7XSHlx0z2F1kg_EakPVE/view,,4.001181
NC_UT_BumpV1_Straight_20260824,post_NC_UT_BumpV1_Straight_20260824.zip,UT,STRAIGHTLINE,isolated,20260824,NC,full_car_CoP=49.052007;radiator_MFR=0.291659kg/s;inlet_MF_averaged_pressure=60.936273Pa;outlet_MF_averaged_pressure=41.876737Pa;pressure_drop=19.059536;cell_count=39356046.0;ClA=-1.793509;CdA=0.683344;rw_df=-85.887091N;ut_df=-96.591554N;fw_df=-85.833815N;body_df=8.97505N;wheel_df=8.179826N;whisker_df=4.000149N;full_car_df=-247.168024N;Radiator DF=0.252875N;body_drag=24.909202N;full_car_drag=94.17338N;fw_drag=8.563198N;rw_drag=39.127681N;ut_drag=11.997454N;wheel_drag=9.289807N;Whisker Drag=-0.510732N;Radiator Drag=1.207782N;EL4_df=-52.439475N;EL5_df=-14.132688N;EL6_df=-4.370907N;EL7_df=-11.990317N;EL8 DF=-2.759892N;endplate_df=0.007243N;swan_neck_df=0.031539N;carbon_rod_df=0.031539N;carbon_rod_drag=0.163836N;EL4_drag=10.240409N;EL5_drag=13.260109N;EL6_drag=8.814263N;EL7_drag=0.413338N;EL8 Drag=1.322847N;endplate_drag=3.693238N;swan_neck_dragf=0.163836N,-247.168024,,8.97505,-85.833815,-85.887091,-96.591554,8.179826,0.007243,0.031539,0.031539,-52.439475,-14.132688,-4.370907,-11.990317,94.17338,24.909202,8.563198,39.127681,11.997454,9.289807,3.693238,0.163836,0.163836,10.240409,13.260109,8.814263,0.413338,,,,,-1.793509,0.683344,49.052007,,,,0.291659,60.936273,41.876737,19.059536,39356046.0,,,,,https://drive.google.com/file/d/1en5RN4wBpNPGE0FietzR3Q59b-DrTkjy/view;https://drive.google.com/file/d/1VP78dBToohaWw5l13C3WaaeWgnLhbeXO/view;https://drive.google.com/file/d/1h0fIH_vxtEzW2kwdxbBasqvfma2_jx1k/view;https://drive.google.com/file/d/1JYPIzTTW8MO6ewA-bEozuWxnaXltrSRb/view;https://drive.google.com/file/d/1WuxymADD7CGVqR2uVV7v20txYQCOw3k1/view;https://drive.google.com/file/d/1ypNQo8lZEkhhGJoLhE9EBGXczlWohyKB/view;https://drive.google.com/file/d/1xndUNwJMWYMuuK3hy1lP8WnsNagR8yR1/view;https://drive.google.com/file/d/1gpjWZmdGS0vise0dU33hixKLHXvcGgXd/view;https://drive.google.com/file/d/1Yi10nQU66ZR0sWXjp2D9BnhFWfFn3Xsh/view;https://drive.google.com/file/d/1UPCtySdYYxipB_BZypP2zaUyBNFc0HLn/view;https://drive.google.com/file/d/18HB6L1tEW6vBxcnDyx0-2mDBoHkJT4fU/view;https://drive.google.com/file/d/1-WLR-zYCaRDbQ9SfOMRU3NG7BzjQOQun/view;https://drive.google.com/file/d/1WmkNW0R9j7T3HK4piKplWLnOJynTFw44/view;https://drive.google.com/file/d/1uVuoBLwI-pZMRWTdU23CX2VbcWSj6XNc/view;https://drive.google.com/file/d/1bCz9NnDNVYJhbmaCQ-3dIt_giUVFMaUj/view;https://drive.google.com/file/d/1tUxk8XNAwDHixhUaU3eVelNR0kdLk918/view;https://drive.google.com/file/d/1ZofHXeZesuy4mvyr1IFXJBWsoGfNIC0P/view;https://drive.google.com/file/d/17HJAqkOr-1-i-H2CJILe5SZwKFJJWyYL/view;https://drive.google.com/file/d/1L7CpSehRP-I_wIA7l2bNfb1mW-xuSfRu/view;https://drive.google.com/file/d/100IRPtdDl3mp2M-l7Qntb-X8pmO96TIB/view;https://drive.google.com/file/d/1nNZEcayiYTyfWEIlJdHN57V8TptTHZVe/view;https://drive.google.com/file/d/1_T_BzB9y-PRrqcoBbyKXa7uOW6htdq7j/view;https://drive.google.com/file/d/1hKiKJDNliJeu50cQ2kliLcSSw7AjQLTx/view;https://drive.google.com/file/d/1CHKkMOWR3Yw-kI_Di_A_X0AuCg3sXOe6/view;https://drive.google.com/file/d/1SjxunjMtpCMlLe25KgGlyL0Vnng9hOCd/view;https://drive.google.com/file/d/1-K5pNhOnwjM6E24rMTkvrSzQTvA7d-GG/view;https://drive.google.com/file/d/1kaKT5pG36MpUaWWRV7XheCo3T0McPd2R/view;https://drive.google.com/file/d/1MlQluZK4AOJLatKdqUVbht1743IOsmDv/view;https://drive.google.com/file/d/1zHi4meq6hO9Kl7mT_MWoHGJjDQJwzvAK/view;https://drive.google.com/file/d/1-qwjBZlOeJxt8GHYvzBjwfFDZALUpVon/view;https://drive.google.com/file/d/1kJ-E-DTzMiR3GwSukACcLjrELFsm7xFf/view;https://drive.google.com/file/d/1mPNYN9J9Q5AWhCTIRBq2jeGx_FjPlZIk/view;https://drive.google.com/file/d/1VnO8OdxcGyUOfpSmUY4EzQ_JWK-IsxYk/view;https://drive.google.com/file/d/1_8B_LUmP_LCTDXzHmGoMVrRxWFejMhiA/view;https://drive.google.com/file/d/1v-x8UZyeRjmF8pd4cJjfssSdP0f9KD58/view;https://drive.google.com/file/d/1vYJPU7b7l-VLw7tiRiMdX-x9bbqd5azH/view;https://drive.google.com/file/d/1Io4n_up5TNlNIccPnXbALacmk_uAb0G9/view;https://drive.google.com/file/d/1j22RhTqmCznUC6JytTMEgDx3v6I4nNlJ/view;https://drive.google.com/file/d/1ZTKpL47k7tdgtSvR1nfxkviGwTVyfGkE/view;https://drive.google.com/file/d/1KhNkMZq2ImJo454JL_8BAjIyMtHJiIJb/view;https://drive.google.com/file/d/18WedDBxYMctkdB7BvJFphU-aaqSA75aq/view;https://drive.google.com/file/d/1qJP4lNDDhnh_5yleAK1RZvF9RjXtnduL/view;https://drive.google.com/file/d/1Yr_3B7OYlrv9azdy9gabFDheHi7Y5qmt/view;https://drive.google.com/file/d/1JS2xdGsluOZ9PtyF_W4OJwprhpjoiEJh/view;https://drive.google.com/file/d/1qKrHkrPCHtUQymGdR3FuoKyKRDY75WJJ/view;https://drive.google.com/file/d/10dBJs1IkbtRwDx5ouocgtROspUNUnjix/view;https://drive.google.com/file/d/1ZkEhmSF6BmqDWuxMJKCQYX_YnReJpRWp/view;https://drive.google.com/file/d/10-IQEKmSCnkE-qHsV6C91P_ICq4YAMRh/view;https://drive.google.com/file/d/10zQuaQd1WO0dygG0RCAkkBJa3ToeeJlu/view;https://drive.google.com/file/d/1oCO7e_4yCZZyHVWsrDyntNhWgkqft_xr/view;https://drive.google.com/file/d/15VS3ODAJc8bhVm77Jd9irfnZnaAuhDT5/view;https://drive.google.com/file/d/1hM_XBwVXNhNS-qVAJEnN4mKz7X-3Hjt0/view,,4.000149
DY_RW_v23degTwist_Straight_20260824,post_DY_RW_v23degTwist_Straight_20260824.zip,RW,STRAIGHTLINE,isolated,20260824,DY,Full Car CoP=51.076979;Radiator MF Rate=0.282595kg/s;Inlet MF Averaged Pressure=57.152799Pa;Outlet MF Averaged Pressure=39.146354Pa;Pressure Drop=18.006446;Cell Count=39006154.0;ClA=-1.857996;CdA=0.721387;RW DF=-90.348349N;UT DF=-100.472885N;FW DF=-84.98908N;Body DF=8.811917N;Wheel DF=6.823838N;Whisker DF=4.122334N;Full Car DF=-256.055129N;Radiator DF=0.258264N;Body Drag=24.888376N;Full Car Drag=99.416124N;FW Drag=8.528628N;RW Drag=42.590601N;UT Drag=11.365658N;Wheel Drag=11.843044N;Whisker Drag=-0.553438N;Radiator Drag=1.134933N;EL4 DF=-56.79594N;EL5 DF=-14.471025N;EL6 DF=-4.104338N;EL7 DF=-12.249314N;EL8 DF=-2.5529N;Endplate DF=0.063244N;Swan Neck DF=0.016075N;Carbon Rod DF=0.016075N;Carbon Rod Drag=0.16541N;EL4 Drag=12.136782N;EL5 Drag=14.710832N;EL6 Drag=9.268883N;EL7 Drag=0.323018N;EL8 Drag=1.218645N;Endplate Drag=3.616714N;Swan Neck Drag=0.16541N,-256.055129,,8.811917,-84.98908,-90.348349,-100.472885,6.823838,0.063244,0.016075,0.016075,-56.79594,-14.471025,-4.104338,-12.249314,99.416124,24.888376,8.528628,42.590601,11.365658,11.843044,3.616714,0.16541,0.16541,12.136782,14.710832,9.268883,0.323018,,,,,-1.857996,0.721387,51.076979,,,,0.282595,57.152799,39.146354,18.006446,39006154.0,,,,,https://drive.google.com/file/d/1YSOgFnfUSFCw0Z9yegfJjiQY32Hbq1Kx/view;https://drive.google.com/file/d/1tgqpHlJ3wUrg9TxjOhB54zKAA2OzO9YD/view;https://drive.google.com/file/d/1ZJsqcibPwmg-Lc_3iolE5637U6B5Iycq/view;https://drive.google.com/file/d/1lqhoktNuhL3RVSVpMMcFC4sQczC1gXOw/view;https://drive.google.com/file/d/1KeNUAqSvceg4Z9t0H_AUglBrfzgJY8OP/view;https://drive.google.com/file/d/1KposmrIBV1bwL1VIaWV_ojE9j9qrI3Lt/view;https://drive.google.com/file/d/1JyJuP_W0eK1vzWtS2AL2mrHYNaBFHt94/view;https://drive.google.com/file/d/1ISozU8PtEI8aL6DpfbEdI3-kGqONc8sC/view;https://drive.google.com/file/d/1Vde2HKcHy2dBNr6GhD5wR-yTgOkGsK26/view;https://drive.google.com/file/d/1Yz7ysrHy5eIrfcCQHae6uGvu188mZLuR/view;https://drive.google.com/file/d/1_iHn2KwTLzuNccLCvQzuFrBGvOErMrdN/view;https://drive.google.com/file/d/1v70BLuzo5lhmPcEakE4bEN1KRUU9cWdI/view;https://drive.google.com/file/d/1qWAeFpQGbTpnoe38xJxpkYHULpVlaJR7/view;https://drive.google.com/file/d/1dO3U7MAqYNJkj4xpmP4BNlN0XqE7qPgx/view;https://drive.google.com/file/d/11NgNJEJmP-K4c4zIQE3tGBiOO2NDnMZc/view;https://drive.google.com/file/d/1HWKmvvFqNA3f5nvF_5UbAfEOYq3WKNwJ/view;https://drive.google.com/file/d/1lQG8JSQQZhIAyqKZsBZt0leq4Z5yuxhX/view;https://drive.google.com/file/d/1ZZTCZCai5hFzqW_CNlZjWzmbBUQoWSLG/view;https://drive.google.com/file/d/1BT89P4Kr8j6U7TSaLuHYvsSlrwrASBop/view;https://drive.google.com/file/d/1b_oWz8sZ4YuozozKDTH4RkwpN6NpxqwA/view;https://drive.google.com/file/d/1lV0Npe0bmPd7FH1Lt4Kv3qqZahZGq1Ni/view;https://drive.google.com/file/d/1u3nj6FSWyf6KEeJOhlxmUBLGqkn54Gl6/view;https://drive.google.com/file/d/1rscASRpkAjpJTXksGunXm8k9EEBBn__L/view;https://drive.google.com/file/d/1P36YROzOJzro5910DLjMmJ8lVA9bDkib/view;https://drive.google.com/file/d/1F5xOBFGX52z3YXKLo06rEafPJIgenKg4/view;https://drive.google.com/file/d/136T_5DspBrEgAlVbOgPBnKkG5kWhqc12/view;https://drive.google.com/file/d/1m-eS29YhycN4sqYC5GhSvXoaQlAxU6G1/view;https://drive.google.com/file/d/1OeOBVBNv0hxq6J9SUSiYXx56u30lPvYP/view;https://drive.google.com/file/d/1C4E3kjT8vYf0w6W2xzavsEeqnz9hnktx/view;https://drive.google.com/file/d/1zxaik1hl09uhneh-KcvfV-iNbqnAaOLK/view;https://drive.google.com/file/d/1YEzGO475QJpMawzMSyx2zkFNlgATrxC7/view;https://drive.google.com/file/d/1rP-19CKHO5u14qKYPWqmHn4xxGjHRJDW/view;https://drive.google.com/file/d/11xUP_KgevX_QYxNm8Q-Hd-W1aSoEvb62/view;https://drive.google.com/file/d/1-341b5brLMmclMaIBYYRCZCCFh2eGITF/view;https://drive.google.com/file/d/1me_raOg0nSRa9Xpi7H5ETAvFgiDLAoHn/view;https://drive.google.com/file/d/1HEXn7PcTmSOzc0y8B3TxwhgrDsRaeLFw/view;https://drive.google.com/file/d/17yYifZwLF4YbsbTmlIQzUxKKNxrZhQvv/view;https://drive.google.com/file/d/1eGTiYrX5Esj3_9S4qB4qAqTeN4kIDL5G/view;https://drive.google.com/file/d/1Z1w7lgKFqoEP_oyMmpzg_nwYdFW9gv52/view;https://drive.google.com/file/d/1P2NG_zbJRnNZCV1FvJnBcBvmPZW1QfP3/view;https://drive.google.com/file/d/1fvAKdlN0yqHbpQwIKMHsVp7iqgwz07KR/view;https://drive.google.com/file/d/1WFk0ZlUwmkpi9Ep6D3J6mOk5dVaWy2WG/view;https://drive.google.com/file/d/1z6vFt1By0DpItohoKSFvcjoVwCIOm_CP/view;https://drive.google.com/file/d/1J-r-UmIZHeoS54wIV-DtETlqCaOQ-lg7/view;https://drive.google.com/file/d/1OKNzy_w8xd6QehtDaAL4aeo2qGrDeEj9/view;https://drive.google.com/file/d/1Y9R2SqxfbBtBCvaYZ-UB0pJjpM9OR8Xp/view;https://drive.google.com/file/d/1zvyZtqZf-igTJqqn2cAkEa3KisWWGH5c/view;https://drive.google.com/file/d/1lqt2PFRj99Nw0xf3LUZjMJuRNsJ2KzWt/view;https://drive.google.com/file/d/1jAJXmM0g6VTqZTS5LYRlDm50hq7_4clr/view;https://drive.google.com/file/d/1CfKCweC-c2CzllBBEuWoVfP_Wp95u-yH/view;https://drive.google.com/file/d/1CBcTc6u4Yeq2UEuYzOJ2lJ4E_c_pGGdL/view;https://drive.google.com/file/d/1WKD4mvBicUXOXJDL28ogNZ8EUJ7tS03R/view,,4.122334
DY_RW_v9finalBiplane_Straight_20260914,post_DY_RW_v9finalBiplane_Straight_20260914.zip,RW,STRAIGHTLINE,isolated,20260914,DY,Full Car CoP=50.345996;Radiator MF Rate=0.293096kg/s;Inlet MF Averaged Pressure=60.033412Pa;Outlet MF Averaged Pressure=39.373514Pa;Pressure Drop=20.659897;Cell Count=43580890.0;ClA=-1.855979;CdA=0.7048;RW DF=-90.423807N;UT DF=-100.360931N;FW DF=-86.64443N;Body DF=7.956306N;Wheel DF=9.493006N;Whisker DF=4.068838N;Full Car DF=-255.777059N;Radiator DF=0.382322N;Body Drag=24.647495N;Full Car Drag=97.130283N;FW Drag=8.597694N;RW Drag=41.533343N;UT Drag=12.119653N;Wheel Drag=9.926863N;Whisker Drag=-0.530447N;Radiator Drag=1.266383N;EL4 DF=-60.25785N;EL5 DF=-14.785334N;EL6 DF=-4.27362N;EL7 DF=-10.47443N;EL8 DF=0.0N;Endplate DF=-0.333483N;Swan Neck DF=-0.021526N;Carbon Rod DF=-0.021526N;Carbon Rod Drag=0.104767N;EL4 Drag=12.234253N;EL5 Drag=15.494189N;EL6 Drag=9.440255N;EL7 Drag=0.836413N;EL8 Drag=0.0N;Endplate Drag=2.316798N;Swan Neck Drag=0.104767N,-255.777059,,7.956306,-86.64443,-90.423807,-100.360931,9.493006,-0.333483,-0.021526,-0.021526,-60.25785,-14.785334,-4.27362,-10.47443,97.130283,24.647495,8.597694,41.533343,12.119653,9.926863,2.316798,0.104767,0.104767,12.234253,15.494189,9.440255,0.836413,,,,,-1.855979,0.7048,50.345996,,,,0.293096,60.033412,39.373514,20.659897,43580890.0,,,,,https://drive.google.com/file/d/1hjDMWGfk5bRMJJL_PGA8iaxDDD1u3CPL/view;https://drive.google.com/file/d/15IagHvEZmP05hI0ijpm6zEf5ESIH5IUI/view;https://drive.google.com/file/d/1r2f5N7_HREPoaTfmgatu9hGSPFh_pqtk/view;https://drive.google.com/file/d/10sCJFi3ezXwAQhvTKlk4vQxrMSHjJ6AP/view;https://drive.google.com/file/d/1neTUH7ghxzHAlnIkEjeN_3-cJpiJXfQk/view;https://drive.google.com/file/d/1hPLbbsr2M4F0wSuW4nQk4PjbW3g6Ksvu/view;https://drive.google.com/file/d/158TtBoxxDedL5KL48YZnNlSMH19XeNUH/view;https://drive.google.com/file/d/1bvXeURhJUSnb61QPp9IT9Cu754vOwEdh/view;https://drive.google.com/file/d/1V42IpTwGxK2_YmxxxGWLx4R3T7LlOy8j/view;https://drive.google.com/file/d/1ldFqloRKr_H5xTqJd4ynaS8oW6y6YSWT/view;https://drive.google.com/file/d/12X96ModKSh7uGQlGS5GXUSSF2yl1MHs6/view;https://drive.google.com/file/d/1w_eofhRe9wiF4e77JzfYmCyH5FwzeTKx/view;https://drive.google.com/file/d/1PK9jC3p1rmPVS5Ea6S6Iyj8s4XftNzzA/view;https://drive.google.com/file/d/1QulgW5u7_ss9YVzAyKgL4l4VC_cHA3JU/view;https://drive.google.com/file/d/1BGckL8jJ5zdAJ-xyv7Lst39mDXaYpTXB/view;https://drive.google.com/file/d/1K3n4wMzFLQ-pYGXDDDOBnTXwIT_PxSpU/view;https://drive.google.com/file/d/1VSxqHYVfaZ9H-5-NuOm4CBsbHtrepCDf/view;https://drive.google.com/file/d/15wISWXXHs0EkxJlNrZsFsxxAn2iSH3_M/view;https://drive.google.com/file/d/1faTFbqUr5A-b8LcVwBfl9mKfrq_u_KS1/view;https://drive.google.com/file/d/11yrOo0orf4p8VaHRrbWtv0XLRK8ljUUB/view;https://drive.google.com/file/d/1byF8CLpm3Tb9vZ7Xr-xKHtkXKfwpTq1z/view;https://drive.google.com/file/d/1sWfSqbkiOywJXvxUQN4nuufsTPZixM1a/view;https://drive.google.com/file/d/1V6f43XAT436h0ELvWeWJL8IIo-BN23Xf/view;https://drive.google.com/file/d/1pS8Q5a3OdHWHerSkd1GGagYwwd5XIhJ1/view;https://drive.google.com/file/d/1D3PS1xzg6tTGzJlkp4KHjaTFPfPdkT0-/view;https://drive.google.com/file/d/1PkWhTGa2uchM6bqucjDI0k7-7l1KqILq/view;https://drive.google.com/file/d/1HfscgQYT0MnWwSjdudBFax1TOYby8xiS/view;https://drive.google.com/file/d/1zgQYxeYBo2JoJhVpjK2O1zgX7ReBaurq/view;https://drive.google.com/file/d/1HYUX3ejKcCyrHVXL8RYGHNQalT-kTkY2/view;https://drive.google.com/file/d/1xBG9z-Si0yZHQikAZpCmdEaQHRDjYkAO/view;https://drive.google.com/file/d/1urXzOZTrMMAPQEvoiIpx8pt8C5aJUFMG/view;https://drive.google.com/file/d/1r7fxkscl9dukQNH7Oe8n0Ib74asTRyV8/view;https://drive.google.com/file/d/1EfizMNs8Oq83OyzFO3XkqaEyRCn9ls2B/view;https://drive.google.com/file/d/1KAq4BJICEGyTZec-D3IVU3EAv9P6tULx/view;https://drive.google.com/file/d/1DtycX6YMZxcYmpqYE7AV7AHaWARe8_O2/view;https://drive.google.com/file/d/1KQbNca5FnoT8eF8Joc_rbPpCXeJZAw0i/view;https://drive.google.com/file/d/1SajcDxx20Vn5SlCOUWrFwsnSZzPdn4H7/view;https://drive.google.com/file/d/1QNBg7HLKw32Wex3KjAnAOm5Sv-5Jw53P/view;https://drive.google.com/file/d/1prKye_Xb8u13H1pOR3-sCJ3FjVu1xVRK/view;https://drive.google.com/file/d/1eTGRGOP-2ne-BTUPhBH3bCXd9oQsqkpo/view;https://drive.google.com/file/d/1Y4XKL1oEG3SC0GFoKegXuWcZHkJAENac/view;https://drive.google.com/file/d/1FvlE8Eqq4DYP1SIqNU0V3Xei9USH8oFk/view;https://drive.google.com/file/d/1OtejX62qmtJdH0_kopVmovGxnpVRJX9y/view;https://drive.google.com/file/d/1fK2sYOK6v0WOuAqq7Uv0xSNGRh6RZk_W/view;https://drive.google.com/file/d/164ra-c0r2vYmLpjjgrHY0YBLkh8UU8RQ/view;https://drive.google.com/file/d/1JXC0jXDr6HoL9HCH1Q_QuRTKc_sDnNbG/view;https://drive.google.com/file/d/1bqIZAG_hnwtnyWeFhEcuJn08XG2wxSCG/view;https://drive.google.com/file/d/18iN147wQmOALk0lJyBAArDxzw8WPjegJ/view;https://drive.google.com/file/d/1HMzU_8nNwgX_aItUpkUvnLfJO02GcbdX/view;https://drive.google.com/file/d/1ucX_SOJ5qbtE1FfLx42xTSwGzy22xdBY/view;https://drive.google.com/file/d/1ygPff49X_kbtBBCAgxRjARzZwUOuAG8G/view;https://drive.google.com/file/d/1TQnpoy57EsQiPw7VdKr7JYurOWniOL5Y/view,,4.068838
DY_RW_v8gurney_Straight_20260914,post_DY_RW_v8gurney_Straight_20260914.zip,RW,STRAIGHTLINE,isolated,20260914,DY,Full Car CoP=49.944722;Radiator MF Rate=0.301587kg/s;Inlet MF Averaged Pressure=61.906231Pa;Outlet MF Averaged Pressure=40.632122Pa;Pressure Drop=21.274109;Cell Count=43604404.0;ClA=-1.830746;CdA=0.700652;RW DF=-88.856581N;UT DF=-98.873174N;FW DF=-86.440994N;Body DF=8.382173N;Wheel DF=9.377921N;Whisker DF=4.070892N;Full Car DF=-252.29966N;Radiator DF=0.288855N;Body Drag=24.409621N;Full Car Drag=96.558633N;FW Drag=8.61879N;RW Drag=40.966544N;UT Drag=11.701133N;Wheel Drag=10.550066N;Whisker Drag=-0.530905N;Radiator Drag=1.288703N;EL4 DF=-59.892913N;EL5 DF=-14.602152N;EL6 DF=-4.227109N;EL7 DF=-9.481206N;EL8 DF=0.0N;Endplate DF=-0.369168N;Swan Neck DF=-0.019363N;Carbon Rod DF=-0.019363N;Carbon Rod Drag=0.108542N;EL4 Drag=11.861229N;EL5 Drag=15.343823N;EL6 Drag=9.362103N;EL7 Drag=0.767278N;EL8 Drag=0.0N;Endplate Drag=2.403918N;Swan Neck Drag=0.108542N,-252.29966,,8.382173,-86.440994,-88.856581,-98.873174,9.377921,-0.369168,-0.019363,-0.019363,-59.892913,-14.602152,-4.227109,-9.481206,96.558633,24.409621,8.61879,40.966544,11.701133,10.550066,2.403918,0.108542,0.108542,11.861229,15.343823,9.362103,0.767278,,,,,-1.830746,0.700652,49.944722,,,,0.301587,61.906231,40.632122,21.274109,43604404.0,,,,,https://drive.google.com/file/d/17-GUVCAL35bG2Sc0_bVjNrGq0chud6od/view;https://drive.google.com/file/d/1GbQ7T6RAK6k5FSBeZTpgX8aem8078hNd/view;https://drive.google.com/file/d/1PAoWS8TOUef53Hpilj62rIPI1QN8iMm0/view;https://drive.google.com/file/d/1vXb6hUm5tj-3rE7833YfW9plkkxBsoW2/view;https://drive.google.com/file/d/1gUVLkAeutdTFcru8m4gkfwfCt4Snqf5t/view;https://drive.google.com/file/d/1f2RdHRusEg4mEwAcbwnxq9c9h3Z1pcCT/view;https://drive.google.com/file/d/1ca6wYcpkIWK8N3S2PbirdlL6JZ_g2y5c/view;https://drive.google.com/file/d/1HFSHYwkRAMX1yDNb1-9MQQ3LK0vK-QTK/view;https://drive.google.com/file/d/1Ent-biSsvYexO8qHog14QhAaDGwj90vz/view;https://drive.google.com/file/d/1lqHo5UMbLcjjWB_uh-QAV7ldbkCToORl/view;https://drive.google.com/file/d/1wbgX35U0kujZiCmksI9D0s8U4cgiHvtr/view;https://drive.google.com/file/d/1p6nkDvCRSJzTSoOHp4dXmqKSkt1dGkMd/view;https://drive.google.com/file/d/1C8WdeqdLwNpbYEoerTp-ZLWOIR-9hdpX/view;https://drive.google.com/file/d/1xpPiT_5edrM37zPzO2Ds0JhZ0bG0Jq87/view;https://drive.google.com/file/d/1gWalKo_Y4HEBJUtzvBaoWSjtnfsvHCbs/view;https://drive.google.com/file/d/1Vsw7tQAUbKhPlE27n2PJtoFf4cwpvj2R/view;https://drive.google.com/file/d/1GieIRjv46stQdpqEydSnUuP6ms0SB1yx/view;https://drive.google.com/file/d/1SO1NLPbpqCzOqvJ4hrNQWivVegwlch0l/view;https://drive.google.com/file/d/1F7Zl5KXPjspwOplzwuL0vieLZig7TklG/view;https://drive.google.com/file/d/1ytj9DUzc7_TK3LvzJgwTb3CvGkGqiCWk/view;https://drive.google.com/file/d/1NGx1WJfogDhZ7iPNqpzAn2QINjja10KM/view;https://drive.google.com/file/d/1sCHK0nAC0MGOR0Qp2EZsvEXAeZOnzh1U/view;https://drive.google.com/file/d/19Apuuzm3HYAPlif_QpZmbX1G415sF6DD/view;https://drive.google.com/file/d/1iiGN3H1lm6OqF32fgUFpKOqMMyGhQkpu/view;https://drive.google.com/file/d/1vQbNxsq3KXB9LvRbvDXji8n8YXoIcBAB/view;https://drive.google.com/file/d/1SjIqbirbcYDLEiWI672dsj4b38rP9E17/view;https://drive.google.com/file/d/1PBSVuX_H8AuV60OI1XCmR3rvn7xbCkA-/view;https://drive.google.com/file/d/1fUudb3JmZ37OFK1ud8kB6w9E6piECDED/view;https://drive.google.com/file/d/12nRQvf3xzwaJkWdnPtrSyZJBLWcgijAe/view;https://drive.google.com/file/d/1QaWAQu9M9rwtzfpJUHgyneOwMv4nhZYr/view;https://drive.google.com/file/d/1ARX0ypTEXd2cmqK01DOleo39SrWRjdC3/view;https://drive.google.com/file/d/1doigxFgrGAgMKq-pP2yk1IFfdA4C32nI/view;https://drive.google.com/file/d/1RJXmtwlxNdiQ6fAV3QHUbKXMyDstwkOz/view;https://drive.google.com/file/d/1FxY_gkdo4Ne4HhbDJBhghwOqUzJcFBti/view;https://drive.google.com/file/d/1B_HeV2gqaNvRPF5vNfAKZP2WRRse2Wbj/view;https://drive.google.com/file/d/1FzxMDFwSgbpC8CEJgtnds4SAjZicICAr/view;https://drive.google.com/file/d/1QKhaMFmC_USAP1CUQ6EYY8uvVcSxa-yz/view;https://drive.google.com/file/d/1po2ew7aOPRvOdmEo2cUcZYu8dQX1qhA1/view;https://drive.google.com/file/d/1dvzANOvwcmPznxN0rr8dy-9v7lT2quJm/view;https://drive.google.com/file/d/1izb5DLIWtos388lbr8-KagW1SgXgQRxs/view;https://drive.google.com/file/d/1FRIl2pdgpVQWwAEqozAgIVLtVr3bOVVk/view;https://drive.google.com/file/d/1RtX5RP9nXzzOJIsmKBqzy61mYu7C5ZEb/view;https://drive.google.com/file/d/15MYXaMuYcX8NV9NrEbJP-eLtANvn8Vx0/view;https://drive.google.com/file/d/1jVhP7OnoIHCRss6JfULzqBFXhyRr3zI0/view;https://drive.google.com/file/d/1956P_NX6vxkN3X_5x1vZ1DZvuTsTCcgD/view;https://drive.google.com/file/d/1OIMN8Ibl3-R6YSs6sEGhEZWLjfw5-3bX/view;https://drive.google.com/file/d/1a3zss4Pd7jbegpIiAHiBkc-TYzsR8Gjm/view;https://drive.google.com/file/d/1zbbjByikvar0c6jSaqh5TgW2vG9RAXdV/view;https://drive.google.com/file/d/1JrPznlC3gotB2AcGa8o1va5uJGzesX-G/view;https://drive.google.com/file/d/1RjKBKgYUZ9_vOAwizdwY9zUU05NPQqd1/view;https://drive.google.com/file/d/1iF7YfyuG3w-xi0Ajlnp3FEWm8tGqIsw8/view;https://drive.google.com/file/d/12-aZQaO61fLiBDE5J3ec_wjPrsh5FqE_/view,,4.070892
DY_RW_biggerCutout_Straight_20260915,post_DY_RW_biggerCutout_Straight_20260915.zip,RW,STRAIGHTLINE,isolated,20260915,DY,Full Car CoP=49.962798;Radiator MF Rate=0.298836kg/s;Inlet MF Averaged Pressure=60.976449Pa;Outlet MF Averaged Pressure=40.424605Pa;Pressure Drop=20.551844;Cell Count=38571210.0;ClA=-1.830096;CdA=0.703324;RW DF=-89.278254N;UT DF=-99.007424N;FW DF=-86.394602N;Body DF=8.409113N;Wheel DF=9.966286N;Whisker DF=4.070885N;Full Car DF=-252.210086N;Radiator DF=0.283682N;Body Drag=24.31724N;Full Car Drag=96.926817N;FW Drag=8.62722N;RW Drag=41.370267N;UT Drag=11.890373N;Wheel Drag=10.419327N;Whisker Drag=-0.531224N;Radiator Drag=1.267939N;EL4 DF=-59.945894N;EL5 DF=-14.690318N;EL6 DF=-4.206508N;EL7 DF=-10.284432N;EL8 DF=0.0N;Endplate DF=0.148347N;Swan Neck DF=-0.019319N;Carbon Rod DF=-0.019319N;Carbon Rod Drag=0.107868N;EL4 Drag=11.918478N;EL5 Drag=15.420539N;EL6 Drag=9.498065N;EL7 Drag=0.81982N;EL8 Drag=0.0N;Endplate Drag=2.489662N;Swan Neck Drag=0.107868N,-252.210086,,8.409113,-86.394602,-89.278254,-99.007424,9.966286,0.148347,-0.019319,-0.019319,-59.945894,-14.690318,-4.206508,-10.284432,96.926817,24.31724,8.62722,41.370267,11.890373,10.419327,2.489662,0.107868,0.107868,11.918478,15.420539,9.498065,0.81982,,,,,-1.830096,0.703324,49.962798,,,,0.298836,60.976449,40.424605,20.551844,38571210.0,,,,,https://drive.google.com/file/d/1EG1gAe_msAWyibfsoVzuC8Yzb-INWhcz/view;https://drive.google.com/file/d/1wUPbaZ9TKRA1JkuPyS__f7CTdtVt84w9/view;https://drive.google.com/file/d/1WisyC11KdjkjxHsdqx29rrqDmdJtX-0h/view;https://drive.google.com/file/d/1Am7OZLz11-GQz2nzm60cAPer7frueWMi/view;https://drive.google.com/file/d/1usGXVA8trOu9Am6wclQ6Gi526-jTQD0u/view;https://drive.google.com/file/d/1J-leD7j0fa3yRYv6rTnVlyy6RAHELbkW/view;https://drive.google.com/file/d/1DNDed9CGMVN1YWxwvyhEHc2nJAx2hqlQ/view;https://drive.google.com/file/d/1AR67oAEQK0hIVBttY4Q-jhsG1aHrk7OL/view;https://drive.google.com/file/d/17azvSvUk42xxyOVJ0DHKeMly2dOfEqHR/view;https://drive.google.com/file/d/16nG25FjsYwTZUGeKLvY4bEV9ZYe8IvUu/view;https://drive.google.com/file/d/1vw-rEACRih_9bKFU5o1QS24ATbBswQqM/view;https://drive.google.com/file/d/1q07k_cr28fq8j9KHKdyeLtowAmHuN9Uq/view;https://drive.google.com/file/d/1Q_sLKs1lweYP6A4CqN-ALn7j6RImRZIi/view;https://drive.google.com/file/d/1JUK4TSbYSh_n3skjN59rW57l6NUk-vtm/view;https://drive.google.com/file/d/1zwVhwOc4EHrIikS5gTqIVwEE7bHi5sV6/view;https://drive.google.com/file/d/1-1qpvPLMbwqEDko_VpcIgqD6kHSXdkJo/view;https://drive.google.com/file/d/18LC5cV7_zm0tC-ATz6_GKFRMGSv6eo9P/view;https://drive.google.com/file/d/1J0k3APv4D2JcZBc9v8lV0mxbQda5KegU/view;https://drive.google.com/file/d/1qOotW37QWNlhYBPQ-YyAxwf95v88rO05/view;https://drive.google.com/file/d/1iHeFPwpT0ie6Li8na03AIU5oqZlGQ4V9/view;https://drive.google.com/file/d/1zne0m3g9Hq3GjkCtob6oQwD90oJF0Ifz/view;https://drive.google.com/file/d/17qqK7lz00mX6MstzDcXI2gyhF1_SXBtc/view;https://drive.google.com/file/d/1RQ8g92k3qAa3IGv3LVlGgtbbXT97STPv/view;https://drive.google.com/file/d/1KuSUthd6n4TIoiRv29qBMOCqZpHg5e6n/view;https://drive.google.com/file/d/1y62BQkuE-alFAgC7D-j04lcfSzpwxHQ_/view;https://drive.google.com/file/d/1zsXQXzoUmv6TKk4eVh7XWjTBJ9c9fltU/view;https://drive.google.com/file/d/1UISLqep4Qeni9eEn5OXYNHH6Bi9MXFV5/view;https://drive.google.com/file/d/1gemamvsSrZbFWm8QYQ3iBfKzV6MeNTyE/view;https://drive.google.com/file/d/1fjoXHnegqpSFFudyTIqeJqGVkqgx7D18/view;https://drive.google.com/file/d/1TbsI_sYSHfaZjaw32Z0E_n2tUzJSqeTu/view;https://drive.google.com/file/d/1tq3D5KYIapz7nFNjfwgKxPBmX7b075OQ/view;https://drive.google.com/file/d/1qUa7yEPTs4nl53sMIUabLDV1XxYgS3SP/view;https://drive.google.com/file/d/1fSpVZfwZvr3ZBAAgh-Pd3kk1JWBH9f5p/view;https://drive.google.com/file/d/1ItIF7e7RURQIoAzlkBRontKFEefTsi9X/view;https://drive.google.com/file/d/1CUpfb2UD04JTrt5L7aeo_hX3MVG-Bo0o/view;https://drive.google.com/file/d/1MUW3PlpO60D-nzCFTdoWOe1tmXhjw_jq/view;https://drive.google.com/file/d/1FCHa_CgHpd287JF9APdBRiMrGkHZ6TPQ/view;https://drive.google.com/file/d/1hO98xYloyb7v4BWyERhjffzwomEWe_JX/view;https://drive.google.com/file/d/1JrfSMh-HSR7o1mnqwmiQpMvSNi7lUBbi/view;https://drive.google.com/file/d/1puQk04m-fTYmilBcy0ACSMbD83a65Jgf/view;https://drive.google.com/file/d/1DuGqXLueQUUdsjX05nxByJ8eHM9_vLhc/view;https://drive.google.com/file/d/1UAAO16RbWePt03vynmAuBpYC5nDL2ExT/view;https://drive.google.com/file/d/1cJyIOK6hFHoM6fQVCYBmJ9FH2hJ14M6g/view;https://drive.google.com/file/d/1sEM52wlfPgRbUIQ3YIO95_suR550Bxu2/view;https://drive.google.com/file/d/19DgjGGxTNv4E1KtazAWBHVfdtjqScHgU/view;https://drive.google.com/file/d/1mMf81L_t0Eo8BskSVsG6-xHkG6c3cp_i/view;https://drive.google.com/file/d/1cgv9P31xGR31Bw5U4EG517E4KV4xU3aL/view;https://drive.google.com/file/d/13cjUchVuiKKgknSNP2wXvfhE2DMRIDz2/view;https://drive.google.com/file/d/1YfyMIJhELxw7U4YgdUuQV2_MTjBJKhNk/view;https://drive.google.com/file/d/1S8W7aM4wW5q4za0VUY2RBy2776D40uaH/view;https://drive.google.com/file/d/1oY5zH_JFl-gTut1nTgfstZLsc7CuS0Ti/view;https://drive.google.com/file/d/1QUta0mBhz0bM9g4bnZuCRY1Bz94r3qZA/view,,4.070885
YL_FC_MeshBase50mm_Straight_20260913,post_YL_FC_MeshBase50mm_Straight_20260913.zip,FC,STRAIGHTLINE,full_car,20260913,YL,Full Car CoP=49.197569;Radiator MF Rate=0.259041kg/s;Inlet MF Averaged Pressure=47.855238Pa;Outlet MF Averaged Pressure=29.256874Pa;Pressure Drop=18.598364;Cell Count=35731616.0;ClA=-1.764288;CdA=0.683059;RW DF=-84.599887N;UT DF=-94.835124N;FW DF=-85.756875N;Body DF=8.599862N;Wheel DF=9.239654N;Whisker DF=4.177754N;Full Car DF=-243.140974N;Radiator DF=0.278819N;Body Drag=24.754766N;Full Car Drag=94.134108N;FW Drag=8.514994N;RW Drag=40.156668N;UT Drag=11.280026N;Wheel Drag=9.259626N;Whisker Drag=-0.564612N;Radiator Drag=1.07472N;EL4 DF=-51.43673N;EL5 DF=-14.40663N;EL6 DF=-4.545895N;EL7 DF=-11.516951N;EL8 DF=-2.63857N;Endplate DF=0.035038N;Swan Neck DF=0.032425N;Carbon Rod DF=0.032425N;Carbon Rod Drag=0.173679N;EL4 Drag=10.974387N;EL5 Drag=13.578928N;EL6 Drag=9.028601N;EL7 Drag=0.474767N;EL8 Drag=1.298069N;Endplate Drag=3.604619N;Swan Neck Drag=0.173679N,-243.140974,,8.599862,-85.756875,-84.599887,-94.835124,9.239654,0.035038,0.032425,0.032425,-51.43673,-14.40663,-4.545895,-11.516951,94.134108,24.754766,8.514994,40.156668,11.280026,9.259626,3.604619,0.173679,0.173679,10.974387,13.578928,9.028601,0.474767,,,,,-1.764288,0.683059,49.197569,,,,0.259041,47.855238,29.256874,18.598364,35731616.0,MeshBase,,50.0,mm,https://drive.google.com/file/d/1BTEsGPKrKJ5m47rHDMGZmb0Uq--EjscI/view;https://drive.google.com/file/d/1U7xftFWR3975bodfkMeJprH6flQayI3d/view;https://drive.google.com/file/d/1t4fqsKO9SnjyGN14b8X0Xup4fKnGbaxo/view;https://drive.google.com/file/d/1I1DbFeosCEikNkoUmOsDMeq832wLD5wo/view;https://drive.google.com/file/d/1jl4hehH0rEFsLqjVnsa8cCq9MwNbh-zc/view;https://drive.google.com/file/d/10FaldxJ-BxWdDqppkUefZip75Z_-D44s/view;https://drive.google.com/file/d/14yd9gd1OT78I8OKxh6kuY-4klAysj_iA/view;https://drive.google.com/file/d/1D80Te3GvtjzpveFxtjPI4obe6jnI4O9X/view;https://drive.google.com/file/d/1eHeShI97HsUpxexE7uT3MtrueadtabFK/view;https://drive.google.com/file/d/1-f6vlXHiklg4xs9-mIssYFX_m3Xt_yxr/view;https://drive.google.com/file/d/1SC7-4fxUcLGFGtcuv2Oyy3fmEkY4JSxr/view;https://drive.google.com/file/d/14vOXVQw8rOjJ8V9d6YxG76MDJxr1l9If/view;https://drive.google.com/file/d/1Z4WzMzBCjKOY643OO1azDiGpksnkhKtH/view;https://drive.google.com/file/d/1rTRyJS1G0ys5r1YuvKCzPESWxgHENXXD/view;https://drive.google.com/file/d/17VeKLHOE3Qfv0OdM3bmx8FvBgL48-9-0/view;https://drive.google.com/file/d/1B6Jo1URnpNzVyABXoK9xyPfmNQerzt63/view;https://drive.google.com/file/d/1FAkdM7YiyW0CmRE0KHwe9WM-uxwNy39G/view;https://drive.google.com/file/d/19jftcOe34fA-Or3vTsSv_j6a14tVJRKV/view;https://drive.google.com/file/d/1s2t58B_TqRXGnfpFCizMZWx2-DIWzsRq/view;https://drive.google.com/file/d/1j61QnXiFfwmLj3OG_8gjRMTay5DWyVlf/view;https://drive.google.com/file/d/1uQFSkE1bnxEVheI-tvJrBjdPPp1Su6m0/view;https://drive.google.com/file/d/15gy_0GQnJ1Z6aJkkxjEC7Af2gNi84gw4/view;https://drive.google.com/file/d/1_rkFAVW3iT1QXlpZS_e1qFSTKV_MRCvj/view;https://drive.google.com/file/d/1IKAiZ1LfaWmPCGvdiK95BmNe3z7PWHuT/view;https://drive.google.com/file/d/1cQ7qik-1UUrfpUBIopVvCHaaufRxT-dK/view;https://drive.google.com/file/d/1l-5RPfAsQxw7Z239OaLR3mhrXphIcBi-/view;https://drive.google.com/file/d/1O_sQH10tA-VNAs60wbIHWxiy4KTSYZb_/view;https://drive.google.com/file/d/1BFxrG9i-FgiOuBP27UcVKrXKnzOP9FgD/view;https://drive.google.com/file/d/1YATPUA6xGSFFaImMjbGN-dY9KpSRYeYW/view;https://drive.google.com/file/d/1pYw-yBJrG9h2X15VcTeiz-nnZa8rLfMD/view;https://drive.google.com/file/d/108UwLTCKcsHEjnE7oafJFe2HM8PIIAKd/view;https://drive.google.com/file/d/1MB_FpLU3jZZhxlIigzTQ-QGzqx_YlbIm/view;https://drive.google.com/file/d/1JlNa2q62EhPwY05-J95IqHePvMpqoMGc/view;https://drive.google.com/file/d/1F6nekipvIVi8Djmph5xG0eeT0y9bOkoo/view;https://drive.google.com/file/d/1zeqEe8VSp399prLdUi3cLQbaMMsUSTca/view;https://drive.google.com/file/d/1xq47Y6plr4ULSflMm7WQCRZm5Qp9glDu/view;https://drive.google.com/file/d/1iQyBkKdWQfGpsw72yx0g9vr3TIW6tps_/view;https://drive.google.com/file/d/1RrcEQj2wne28kvNVIOQiO9xNcZ_8iLFU/view;https://drive.google.com/file/d/1r1pJ94s430aBrci_torWzDU4d8o3BVYH/view;https://drive.google.com/file/d/1vaSwi3pTppCUTKWIzxFDJMf_F8Aphj6C/view;https://drive.google.com/file/d/1Wpcsbs-0jX-iPeUUO8AL-mF6jDFpRHtI/view;https://drive.google.com/file/d/151gay0el7qSPfTnZTd0kDdMJ4qrSsNnW/view;https://drive.google.com/file/d/1YUhsW2ydIdKGb1w8PhklBVeD-WAo_AkT/view;https://drive.google.com/file/d/1TjFmlQVtuULIVMcVdnVL-rQmdQN3pi1x/view;https://drive.google.com/file/d/1WM3oZ-OSWf1m2vbltwJ27EWYKstiXO11/view;https://drive.google.com/file/d/1SMdB776DDxpyruzHhVBRZR6_wJDPFImj/view;https://drive.google.com/file/d/1HTngAtcvFlxxeh218-A0kyFHYipEV6W8/view;https://drive.google.com/file/d/10kTWLPvPo4e0-gXBGzcfNvW7je1U9xfn/view;https://drive.google.com/file/d/1v3hbQsUbR2HJt5ek8dVr68MZz7iAGOs1/view;https://drive.google.com/file/d/1dbUy0Fl-cU97_S2N7acx0MzXG1QzNfR2/view;https://drive.google.com/file/d/1kHZX9GhAY_rAOGorYhcz2TUYtEAb9zuO/view;https://drive.google.com/file/d/1R2Ss-BC1VA-PxVHuOGYmZrN6r5UqxWwJ/view,11B1Ju0kqZ2LSHszTyCQmejzdxqXqwCjY,4.177754
YL_FC_MeshBase40mm_Straight_20260913,post_YL_FC_MeshBase40mm_Straight_20260913.zip,FC,STRAIGHTLINE,full_car,20260913,YL,Full Car CoP=49.090728;Radiator MF Rate=0.262068kg/s;Inlet MF Averaged Pressure=47.08641Pa;Outlet MF Averaged Pressure=29.068681Pa;Pressure Drop=18.017729;Cell Count=36840164.0;ClA=-1.774613;CdA=0.673835;RW DF=-84.225322N;UT DF=-94.670177N;FW DF=-85.973142N;Body DF=7.735168N;Wheel DF=8.356922N;Whisker DF=4.147114N;Full Car DF=-244.563901N;Radiator DF=0.32271N;Body Drag=24.119768N;Full Car Drag=92.862846N;FW Drag=8.547236N;RW Drag=39.256284N;UT Drag=12.307739N;Wheel Drag=8.510763N;Whisker Drag=-0.556475N;Radiator Drag=1.020662N;EL4 DF=-51.455642N;EL5 DF=-14.158859N;EL6 DF=-4.364693N;EL7 DF=-11.472185N;EL8 DF=-2.713279N;Endplate DF=0.066853N;Swan Neck DF=0.033436N;Carbon Rod DF=0.033436N;Carbon Rod Drag=0.188713N;EL4 Drag=10.918801N;EL5 Drag=13.287338N;EL6 Drag=8.664795N;EL7 Drag=0.49064N;EL8 Drag=1.320421N;Endplate Drag=3.403799N;Swan Neck Drag=0.188713N,-244.563901,,7.735168,-85.973142,-84.225322,-94.670177,8.356922,0.066853,0.033436,0.033436,-51.455642,-14.158859,-4.364693,-11.472185,92.862846,24.119768,8.547236,39.256284,12.307739,8.510763,3.403799,0.188713,0.188713,10.918801,13.287338,8.664795,0.49064,,,,,-1.774613,0.673835,49.090728,,,,0.262068,47.08641,29.068681,18.017729,36840164.0,MeshBase,,40.0,mm,https://drive.google.com/file/d/156HetEn4w-UAdgB54P4SBSSF_yLAXrdR/view;https://drive.google.com/file/d/1gSbEVKoAEh-Jg0i1CPqDTUdiLY6qYpQZ/view;https://drive.google.com/file/d/1K0AKr_5y3-UwIgkKcNeNBKWSUWG6pyii/view;https://drive.google.com/file/d/1fDFDjIf5pjU_74eBgQwz7H8ejbm98U4x/view;https://drive.google.com/file/d/1yxphPY4WoZa3uDAu8GiioPwAmz-ikLfM/view;https://drive.google.com/file/d/14qcftsG4DtvEWGbNHV7jbosRCJ4soUqB/view;https://drive.google.com/file/d/1-Qdu1MattMYUZtMZVymZOUOvIbifgEG1/view;https://drive.google.com/file/d/1327nkZbmLFGaAY8xC5C8QuWmh8K8wLsZ/view;https://drive.google.com/file/d/1HXQEJMVOcW9rd6wyrQAXTbguayffcokI/view;https://drive.google.com/file/d/1-6NLy4CAT4tXhKXLChpzYCmr0Z-HOUA4/view;https://drive.google.com/file/d/1BSquHL5zSV4DQUPz82Hd-h52SPHWXafu/view;https://drive.google.com/file/d/1eflrf9c7nNaJJRLdmFQB94VNY74KWVTq/view;https://drive.google.com/file/d/1Zx69jL1oVxqiZ-Q_9ZzIQu956Cb2BZch/view;https://drive.google.com/file/d/14E3EgFZTgKMsYIAJL6hYSIrOuF0GN0sX/view;https://drive.google.com/file/d/1QUCPdCANlZfXdaUW1t6aR9-V_9fZdU26/view;https://drive.google.com/file/d/1m36AXl1UC4hJjE4P71JaivvOsWgpbRY4/view;https://drive.google.com/file/d/1G36BGlD7z4EH_sZl6gzThHMZRskQmH5z/view;https://drive.google.com/file/d/1Rc_g-PENZ9UtfYDmBxwd39NUZKU4bUTU/view;https://drive.google.com/file/d/1CTCZvCMhmxxDFL76-kyDJmasZ3zzUoMS/view;https://drive.google.com/file/d/1b8dkRpph1OB8MbXp8sFIDUgxB6wQikWp/view;https://drive.google.com/file/d/1EzGPRzn0CH2ifZi7-4VIh9Dj1104TK_J/view;https://drive.google.com/file/d/1qnIGvxTHH4Pp2BGHZtQo9JdydImCOuCD/view;https://drive.google.com/file/d/1Gq60Z61_8R400hsvTG-35p5r8t0dh_W3/view;https://drive.google.com/file/d/1VDGpuvddQDEf-i2Xxm9bR4p90UOjewFg/view;https://drive.google.com/file/d/1fZIwcLdxvTbtCdgLZFvLF6ufYp2eNeRS/view;https://drive.google.com/file/d/1JU_-ksjUXg-k4KeXYOnHi03-k6ZrUg8_/view;https://drive.google.com/file/d/1QdnAuvuSNKW_KL8_VJZFdaAKusaRMzMj/view;https://drive.google.com/file/d/1UodvuthCMspQ-ngWGwrILXlvPWaFzd2M/view;https://drive.google.com/file/d/1FRbLZ0jd1NVqKQMZoC1YCOkPfJP3yyfe/view;https://drive.google.com/file/d/1PONBqG4FzP_ceEaFaFosGyEEeMqA-BEH/view;https://drive.google.com/file/d/1GWw2xDBHcJkqjAFA9BruFgttkyeF1iLY/view;https://drive.google.com/file/d/1sEDiS8yDxVRTlRd2sc8ktR_ohqHGUUdV/view;https://drive.google.com/file/d/1F8sm5y2vupkNtV9QzZ18a_FWanRq6We1/view;https://drive.google.com/file/d/18bbDV-w4D_C_W1M31QEC8yU2GIQSEb8Q/view;https://drive.google.com/file/d/16FLoSmKSAksfiin1gXQppwt6lmOY8gZE/view;https://drive.google.com/file/d/1ATQ4GuS5dbMAdPgHMbadX9Wt-4Cc_vh7/view;https://drive.google.com/file/d/1_nb5QF_7VEJhzfej5sMQ72A_BAp4OOjG/view;https://drive.google.com/file/d/1zrHozANlBZrD9dxOBHU6Auv58kUvdqll/view;https://drive.google.com/file/d/14M4wsvu7MRx2adIXqPQWf1zrfMeM1f7M/view;https://drive.google.com/file/d/1XERASQ6xhx7oAsFgCrQa20TgF1c68-0f/view;https://drive.google.com/file/d/1L9X7mOgKAgKNlNLJW1LF9KEHk47_BBxk/view;https://drive.google.com/file/d/1jwksC3tGtDHGg9PJIqEvyPfHPBotfU3s/view;https://drive.google.com/file/d/1gAsGDOcMziITep4lRSZXWoBHDQaE7wJS/view;https://drive.google.com/file/d/134HYih7nseBkLaFT5lC04B-EYUk-yQjb/view;https://drive.google.com/file/d/1EEXnH8dQqLIP34aLkF7dmzkhz4rgy6_Q/view;https://drive.google.com/file/d/1zr4GYHMIfzc6TV9GL5eXz_0ywnOzm1o1/view;https://drive.google.com/file/d/1OyBdaGtkcDAfBUR_-8AlY-QDPpTkYw7f/view;https://drive.google.com/file/d/1bhRKJSS-Rmc04c24HivIBA2r0mt5i-SP/view;https://drive.google.com/file/d/1beXJj_kO-GxXkgD2rScsmwldkvJ28Ohb/view;https://drive.google.com/file/d/1yl9N40zSXJdRtnMeaq4dDvJXtF0rb1ck/view;https://drive.google.com/file/d/1RlAA339KHbBdnCtft1WfV866PgDETVfw/view;https://drive.google.com/file/d/11RAzqfyIgT6ZjO1QnSzYyDJxbBnLSwCQ/view,11B1Ju0kqZ2LSHszTyCQmejzdxqXqwCjY,4.147114
YL_FC_MeshBase35mm_Straight_20260913,post_YL_FC_MeshBase35mm_Straight_20260913.zip,FC,STRAIGHTLINE,full_car,20260913,YL,Full Car CoP=48.890292;Radiator MF Rate=0.283339kg/s;Inlet MF Averaged Pressure=59.658696Pa;Outlet MF Averaged Pressure=40.438251Pa;Pressure Drop=19.220445;Cell Count=37490479.0;ClA=-1.802752;CdA=0.688921;RW DF=-83.807591N;UT DF=-98.15977N;FW DF=-86.034619N;Body DF=7.77794N;Wheel DF=7.633988N;Whisker DF=4.128939N;Full Car DF=-248.441819N;Radiator DF=0.283247N;Body Drag=24.709169N;Full Car Drag=94.941977N;FW Drag=8.550427N;RW Drag=39.070493N;UT Drag=11.62828N;Wheel Drag=10.785112N;Whisker Drag=-0.539439N;Radiator Drag=1.14174N;EL4 DF=-50.454865N;EL5 DF=-14.297034N;EL6 DF=-4.335171N;EL7 DF=-11.75175N;EL8 DF=-2.776152N;Endplate DF=-0.051248N;Swan Neck DF=0.034371N;Carbon Rod DF=0.034371N;Carbon Rod Drag=0.175587N;EL4 Drag=10.597164N;EL5 Drag=13.178972N;EL6 Drag=8.735427N;EL7 Drag=0.467384N;EL8 Drag=1.334934N;Endplate Drag=3.559982N;Swan Neck Drag=0.175587N,-248.441819,,7.77794,-86.034619,-83.807591,-98.15977,7.633988,-0.051248,0.034371,0.034371,-50.454865,-14.297034,-4.335171,-11.75175,94.941977,24.709169,8.550427,39.070493,11.62828,10.785112,3.559982,0.175587,0.175587,10.597164,13.178972,8.735427,0.467384,,,,,-1.802752,0.688921,48.890292,,,,0.283339,59.658696,40.438251,19.220445,37490479.0,MeshBase,,35.0,mm,https://drive.google.com/file/d/1JAaAL-lqk7-gLzZpohsb3haFGNssoTQm/view;https://drive.google.com/file/d/1C5TJs8edtMIO4LI_oR6vuwy-6mBO06V0/view;https://drive.google.com/file/d/1MxIHmTt2G_E1Jbal_eyGU4lax8GiWNCZ/view;https://drive.google.com/file/d/1eoUnZ0TaxkjhKK1BLOttP32nCqGiI7TH/view;https://drive.google.com/file/d/1B-Er1V2AtYzIWzeut6sDnTSBhSF6w37f/view;https://drive.google.com/file/d/1p7qjta3mtMVmuh13_YS8UEMy7DgPj0O9/view;https://drive.google.com/file/d/1-Yp3sv0gGAiKSg_KUwZdvts9Y0COHfuA/view;https://drive.google.com/file/d/17E8zFztqvhSPPZMPUDaUeIZnbsCcFy0T/view;https://drive.google.com/file/d/1RIO1WvDN_qHh_SolmYcI8pAxPG4a0fND/view;https://drive.google.com/file/d/1rgFIT4RYV7hjwlUovelMK35AS-1Hy6d8/view;https://drive.google.com/file/d/15-MYPjZtxA-OGyLmzLAlLpGAmKegh5Kz/view;https://drive.google.com/file/d/1NbWOvhbvsLSxeeUOev6uadUQpxKvLPvK/view;https://drive.google.com/file/d/1ElbCcCI8kisII63oFfC5hTg421VPFgnd/view;https://drive.google.com/file/d/1-TSpHkqjx9IV-P1EFM80PyQmHKOwXFQH/view;https://drive.google.com/file/d/1i6N9H0M8TaDNfkW6DpKlb58MDU_UuuGc/view;https://drive.google.com/file/d/1inX7-DOfWVBbbCFhPwSTepcZ6m6kmGoc/view;https://drive.google.com/file/d/1_p0S9Ml60cMbMbUmGJkNmE2zg2eLFCtL/view;https://drive.google.com/file/d/1-XUmhhfNVBq3h-PXS-30J4h5heLy9qMw/view;https://drive.google.com/file/d/1Ki2i5XPLTpQjd02ja21PULczip9-KxzJ/view;https://drive.google.com/file/d/150ImraSRN7Vtom8ZZOERbmXKCPaKhlM4/view;https://drive.google.com/file/d/1hM7_GZWRb-0IjXDhBMtW5pmNfSgdYvgt/view;https://drive.google.com/file/d/1SnUzjjMtbb2sMDeIuQbcGDQoXsTVB3gB/view;https://drive.google.com/file/d/1UwFGCkZEB5axvePv-7diOc5oVy8binzm/view;https://drive.google.com/file/d/10HWmqjWJCjixV6iPFPdlct-b2m4HmeB8/view;https://drive.google.com/file/d/1XRUcRrGRG2FFZBAq6TierM2yZ7vksNXw/view;https://drive.google.com/file/d/1Fyp5kGzurVK97PaN9tyn8gCWJLH9lfdu/view;https://drive.google.com/file/d/1tTHSNk30MOeRPG2N2fXP6n7Yd493pk45/view;https://drive.google.com/file/d/1uxq5-WHpQE346VIkomoZIJOTr-PNwray/view;https://drive.google.com/file/d/1CqMXGrsTKp-dUEnE81_cqzDAUbluHOsn/view;https://drive.google.com/file/d/1Ke-ONySMAx4_jSfQ4fQbduRGei38EmZ8/view;https://drive.google.com/file/d/1Zxz83gCxkIiDvxaUTLLHigQd3UVviRaQ/view;https://drive.google.com/file/d/10MRKPos20pjD6d3t0idEf3bowEwpjisZ/view;https://drive.google.com/file/d/1rlfM71LOzwtUJXVd1ERrCvlTAQ9hFzVf/view;https://drive.google.com/file/d/1Saq6fou-3U2DFJM5L7ujHOwkwF3ruStP/view;https://drive.google.com/file/d/1gagUXm4zNHzn8eBJXZqMW4US04ft32Fc/view;https://drive.google.com/file/d/10AEPAxtK3CoPqlYTLcWtaP_5ULsepgWq/view;https://drive.google.com/file/d/1joGGhZ0AzccdDpPC2i9Sv84vu8QqdMyS/view;https://drive.google.com/file/d/1dchcIYiT2lb76Zjl41Wxc1LJJ1CS64tU/view;https://drive.google.com/file/d/1izW3DOyTpUo_pRNWjTHfV-Dlt6psScyr/view;https://drive.google.com/file/d/1fYEkYjoQp0G7rzEl3TuD02J6Ki_QxaDv/view;https://drive.google.com/file/d/1qzq18kMZhGaoVqWz8Nr6PDtGFVY0WU2p/view;https://drive.google.com/file/d/1AXviiVKmb6LDRhpHb2tsFtwCLKZk-Sm9/view;https://drive.google.com/file/d/1FiB61hDMulBy6WJ1nd7wYtw0vR332tw9/view;https://drive.google.com/file/d/159aPqpbwcJhXkmFvNtMGR3GNP6kiKrq-/view;https://drive.google.com/file/d/1bZSxzPUJo2Xyt8zWxWl-PslKWDAoKMWs/view;https://drive.google.com/file/d/1IJzP38KDbjGeyk5nbS7RmK8gOFe5Cg9q/view;https://drive.google.com/file/d/14coL8BIX2mayuOQrByLSEQ8SKWQZlsoy/view;https://drive.google.com/file/d/1LVUemPLqmNScqjnueCU_Ih1QFURK2I7B/view;https://drive.google.com/file/d/1GMtuuh_PrBAxcG0EeScb2akF-TpjeYRm/view;https://drive.google.com/file/d/1OkBIgLKvqSrHWz-72VEeSfk5m0Xi50bR/view;https://drive.google.com/file/d/1cQI1Ru0I1Pj70HySz3QARQ9MohjhtENx/view;https://drive.google.com/file/d/173pzj_f5jBSOEIuM6jo5SQokhUHBnJO-/view,11B1Ju0kqZ2LSHszTyCQmejzdxqXqwCjY,4.128939
YL_FC_MeshBase60mm_Straight_20260913,post_YL_FC_MeshBase60mm_Straight_20260913.zip,FC,STRAIGHTLINE,full_car,20260913,YL,Full Car CoP=49.582203;Radiator MF Rate=0.276996kg/s;Inlet MF Averaged Pressure=50.249196Pa;Outlet MF Averaged Pressure=29.761003Pa;Pressure Drop=20.488193;Cell Count=34741504.0;ClA=-1.784241;CdA=0.689558;RW DF=-85.71359N;UT DF=-96.0507N;FW DF=-85.091913N;Body DF=8.846221N;Wheel DF=7.877703N;Whisker DF=4.187446N;Full Car DF=-245.890692N;Radiator DF=0.276254N;Body Drag=25.153023N;Full Car Drag=95.029661N;FW Drag=8.491489N;RW Drag=39.387376N;UT Drag=11.02492N;Wheel Drag=10.706107N;Whisker Drag=-0.56163N;Radiator Drag=1.210787N;EL4 DF=-52.866893N;EL5 DF=-14.048036N;EL6 DF=-4.293023N;EL7 DF=-11.769201N;EL8 DF=-2.630204N;Endplate DF=-0.011962N;Swan Neck DF=0.029468N;Carbon Rod DF=0.029468N;Carbon Rod Drag=0.162996N;EL4 Drag=10.710196N;EL5 Drag=13.390264N;EL6 Drag=8.705517N;EL7 Drag=0.425514N;EL8 Drag=1.289749N;Endplate Drag=3.685969N;Swan Neck Drag=0.162996N,-245.890692,,8.846221,-85.091913,-85.71359,-96.0507,7.877703,-0.011962,0.029468,0.029468,-52.866893,-14.048036,-4.293023,-11.769201,95.029661,25.153023,8.491489,39.387376,11.02492,10.706107,3.685969,0.162996,0.162996,10.710196,13.390264,8.705517,0.425514,,,,,-1.784241,0.689558,49.582203,,,,0.276996,50.249196,29.761003,20.488193,34741504.0,MeshBase,,60.0,mm,https://drive.google.com/file/d/1NZay1CSJ-hulQFWn8SUtrkJx9eT7ihlH/view;https://drive.google.com/file/d/1qggjUmtdQvs-yzsOJ45or1yC9EHUCVne/view;https://drive.google.com/file/d/13pDwyT8qlEND0FoavIWNrXWE_fMAXOUu/view;https://drive.google.com/file/d/11C4aElOlC0YgmkhcrOAX-VHYbDZZLAlw/view;https://drive.google.com/file/d/1X1c9WbCeufmKuWbaw4G0A2ixnPuYVZvp/view;https://drive.google.com/file/d/1cl_k75WUEfEAbFxJ_SMu02yQrxEJBF9p/view;https://drive.google.com/file/d/1zIwIyrOzEiE1OhT-ITfFDfN8s-NY0DKo/view;https://drive.google.com/file/d/1t9uqTIl2OwwQCrvZbUAeIh8AQY9c0-xv/view;https://drive.google.com/file/d/1nRb66WVdLEy2Tz82jFEkAz7gQpO9KBAx/view;https://drive.google.com/file/d/1eqDdhTv7j8OMThh-rUQ5ahJTmijgzp_t/view;https://drive.google.com/file/d/1dlzRQG_drQX7EzarZsb9XygqMICMQIh4/view;https://drive.google.com/file/d/16963bdRkryLHTdN3s6yXafqWYs71kzfn/view;https://drive.google.com/file/d/12ZPC28SBtQLZLfJxmnRk1tSzBr6m7COX/view;https://drive.google.com/file/d/1QE_2j0xBjvczh8HGX3niT9qw7w7E9Ygs/view;https://drive.google.com/file/d/1HCrYJXxcswLDp5rcjCgaH4-GXuEBLuhC/view;https://drive.google.com/file/d/1ABKyt9AYZri3ML9Ia1kfFtRr4OQMOs-R/view;https://drive.google.com/file/d/14j6ECbZepXJlxpDcwZiI_t6Q8shg0ryP/view;https://drive.google.com/file/d/1OLa_idb_9duQE-Gatk99cevpfSqYmF10/view;https://drive.google.com/file/d/1FaQOxePSDbhaavNWrjlOWKSuQIibUUYD/view;https://drive.google.com/file/d/1zy68QZWTJQeJ7WFyGMO6speKJlD7QoMy/view;https://drive.google.com/file/d/12NMLNMgd6WMhzCFBjogWoQW-wg1VXLxL/view;https://drive.google.com/file/d/1ILMqNfKAu9Jil8NA-k5wsS3580eYxvXC/view;https://drive.google.com/file/d/19yOa_gWJ2X_q6hmyNT5elrb51pgp-boV/view;https://drive.google.com/file/d/1njzv1sjQ_FBvPGJyswAuFN7v83NOxIZo/view;https://drive.google.com/file/d/1tjHv2e3L4ETgE6oE4nl34L5Ya4Qo-MY7/view;https://drive.google.com/file/d/16_HSoLdlqCaGBL-nyGAovl5gpBsltn-A/view;https://drive.google.com/file/d/145lvHusvokoM9jGMUltAcVglhB1AyCyd/view;https://drive.google.com/file/d/14SvdVdkEijndg77B_Q-dw08esGAr6yRq/view;https://drive.google.com/file/d/1XU7L_M-FO5ZHB4QQ636aSeMIhQiTClg7/view;https://drive.google.com/file/d/1bj2_bEbCotK88AJjKkMjRB4S7MwE9pEC/view;https://drive.google.com/file/d/1ymQymtzVnBCxh6dF2-d_w0PkeQeUl2Aj/view;https://drive.google.com/file/d/1_H92KaSqn4JMEzV3BamKXaqR08ozDgWn/view;https://drive.google.com/file/d/1swWsA6vAcVpQmyLY4oh83ls7CsqDpVu5/view;https://drive.google.com/file/d/1uNsRsfEGoSvJRagE38qF2VoVhI7ffdF4/view;https://drive.google.com/file/d/1MaBcTRIgcH59AaTbijHrszpafY5vabyZ/view;https://drive.google.com/file/d/1poh4IXm4xk7NXWVzLgD3lo9x5sQvw84A/view;https://drive.google.com/file/d/1vhIUnV7o_wcKJSXEVdHqD5SH6bFweubH/view;https://drive.google.com/file/d/1r8qlalxwLLcFbXCbje8mZTgEk4Cv88Mu/view;https://drive.google.com/file/d/19n_9dHKI9E_6O-3g2Qd8RK91RGRTu4Nr/view;https://drive.google.com/file/d/1cuVwsorz_jxRXr8nIsm0BaxEToemikvP/view;https://drive.google.com/file/d/1dB7TGIXj7EJJoFZb-VBZ15FDF9aZVn5p/view;https://drive.google.com/file/d/1KkdZc0-5yYRKeUdksKtaEsoAM5NixRn9/view;https://drive.google.com/file/d/113U4sW397OiVRuvu-On9ug14BK4R-CYK/view;https://drive.google.com/file/d/19z_S-N_pAMV62RyMepVaNsN3KwCiPe3q/view;https://drive.google.com/file/d/1E3dikhtoiL3fdGgPIYSyziH-N8Omf0tY/view;https://drive.google.com/file/d/1-Uwr4221EUGyp6b4QE73yf3FM7jeM2PC/view;https://drive.google.com/file/d/15YYhaAsvl5Inbnnn8CrdQbVXE6dKYNsi/view;https://drive.google.com/file/d/1bAqGo9tgtGCkCWwVDVE_XbImQQPdsC9P/view;https://drive.google.com/file/d/10xbWzIEIkMxK13V_2UUBBFfR3QX4dT4a/view;https://drive.google.com/file/d/1TfbvFj4sL4Ev34DmWmjwM7T4KZL8KOx6/view;https://drive.google.com/file/d/1RGzd7eIM8yQsbH86wKHgzfWaibYZg6M3/view;https://drive.google.com/file/d/1PhsAWyHgSdv5ZiNJsrdNrBLSlZG6x4VH/view,11B1Ju0kqZ2LSHszTyCQmejzdxqXqwCjY,4.187446
YL_FC_MeshBase30mm_Straight_20260913,post_YL_FC_MeshBase30mm_Straight_20260913.zip,FC,STRAIGHTLINE,full_car,20260913,YL,Full Car CoP=47.851338;Radiator MF Rate=0.28418kg/s;Inlet MF Averaged Pressure=56.192229Pa;Outlet MF Averaged Pressure=37.245495Pa;Pressure Drop=18.946734;Cell Count=39094249.0;ClA=-1.770395;CdA=0.671469;RW DF=-82.597363N;UT DF=-96.999108N;FW DF=-86.071123N;Body DF=8.406048N;Wheel DF=9.102774N;Whisker DF=4.123596N;Full Car DF=-243.982528N;Radiator DF=0.313777N;Body Drag=23.622514N;Full Car Drag=92.536859N;FW Drag=8.58388N;RW Drag=38.461833N;UT Drag=11.460094N;Wheel Drag=10.189417N;Whisker Drag=-0.557287N;Radiator Drag=1.165828N;EL4 DF=-49.719299N;EL5 DF=-14.059379N;EL6 DF=-4.239871N;EL7 DF=-11.665114N;EL8 DF=-2.775999N;Endplate DF=0.001703N;Swan Neck DF=0.039927N;Carbon Rod DF=0.039927N;Carbon Rod Drag=0.183217N;EL4 Drag=10.206491N;EL5 Drag=12.887556N;EL6 Drag=8.642569N;EL7 Drag=0.481459N;EL8 Drag=1.334085N;Endplate Drag=3.634432N;Swan Neck Drag=0.183217N,-243.982528,,8.406048,-86.071123,-82.597363,-96.999108,9.102774,0.001703,0.039927,0.039927,-49.719299,-14.059379,-4.239871,-11.665114,92.536859,23.622514,8.58388,38.461833,11.460094,10.189417,3.634432,0.183217,0.183217,10.206491,12.887556,8.642569,0.481459,,,,,-1.770395,0.671469,47.851338,,,,0.28418,56.192229,37.245495,18.946734,39094249.0,MeshBase,,30.0,mm,https://drive.google.com/file/d/1ndwBSixRM6UMK5-T-DJd4yvDjrrG7F5M/view;https://drive.google.com/file/d/1cT4jC8G3nazozfreORY53XieYZTZB4BE/view;https://drive.google.com/file/d/1AYmBNnzzx9vrlmAI2C-1IoUzR-KVHFLC/view;https://drive.google.com/file/d/1d8uC8ykKrsnRAdH-sP_42hqMEbhegQXG/view;https://drive.google.com/file/d/1N9IVKBZ-p06beyGWgEl2-ZdzENgF02em/view;https://drive.google.com/file/d/1ELXmPjBNbJSMo-9HG8xJ4oxU1Cyb4gvd/view;https://drive.google.com/file/d/1trlD3RnbizctbwD165T2U9yyUwzAFZpY/view;https://drive.google.com/file/d/19pPT4jEfA-YqViBbBhZItf7NQijap5y9/view;https://drive.google.com/file/d/1eRN6bU9bX13dFiD8LjuCYhtpN0rV0xgG/view;https://drive.google.com/file/d/1FKTkHQS-8OZxIWX6ezRdVxGirIccYuEi/view;https://drive.google.com/file/d/1SH3Ms6-2bRwf9hKFGu2dBck9wNLXrfwS/view;https://drive.google.com/file/d/1Zmj7NgHxc4wozyuPzblq3hwyrFRYhnD4/view;https://drive.google.com/file/d/1V3KzEk_8aUJdaxLMR0gYxlHNDqmO0eXp/view;https://drive.google.com/file/d/1cXN1JBonPjlhpCR-xE3_pKxBmm0hZxJq/view;https://drive.google.com/file/d/1DyUExf6ryvTzclglZ3H1LVLDPhElbM9b/view;https://drive.google.com/file/d/1KboCSQie50H6CNZ-Jezm93Xam-KYFoTu/view;https://drive.google.com/file/d/1t89zXP3K4jk7l2s0PpytEucBtB9eBX-n/view;https://drive.google.com/file/d/1XmmcruMwfcmvcAcKZTTLu9eWHuyovKPj/view;https://drive.google.com/file/d/1PznnWFFdgrBm7Fx5r35wZk4pJLCJd5dd/view;https://drive.google.com/file/d/1hybhKkZeIjU6IxR0METBxEYHYyp4KMtw/view;https://drive.google.com/file/d/18yDYkBCERlXN8bcitZy7ew68pegJCkzp/view;https://drive.google.com/file/d/16aXKmioDjGxkklE1Rm41IhNEdSh0syzv/view;https://drive.google.com/file/d/1tEw_36m6R3cDCrnzgKO5UBgS4lOKzgCO/view;https://drive.google.com/file/d/1qEY6gAEDIFW0EV65hrMW2XqMBvAejOZ8/view;https://drive.google.com/file/d/1rzNjADUEuViKlFggMkMFffGmEYylAoGf/view;https://drive.google.com/file/d/1_k32ezuI7beENoqvlkZQb-aDhYT6J5KU/view;https://drive.google.com/file/d/1Lhna7s5fhBdHztVpy8Vpnv3r_s1v9KEC/view;https://drive.google.com/file/d/1aI9VjTnY_7xRyXpfsQAmjS1lWGLPU03_/view;https://drive.google.com/file/d/1Qy5ukpBlceH2VK0Y_rmHJPM_SCKpvDgB/view;https://drive.google.com/file/d/1OrxfdfO4XOkg6Twd3HOJoOz0hWyGdfR0/view;https://drive.google.com/file/d/1LUjOjc0EUNmVsOMx5V5i0zN4HIvUnlJ-/view;https://drive.google.com/file/d/1uYd65-XERz6Pu27EkXqvMnyO-1A0LqoU/view;https://drive.google.com/file/d/1JkYY2GPMxLi0HPVrnbQr1Qp2jC3Gaf6O/view;https://drive.google.com/file/d/1n-pvjTIw_aDfZH6LZyE_UFk97j_mpPey/view;https://drive.google.com/file/d/1yuqJB7MzRlVUlsDHOGnuDEDXK5Qn6FWV/view;https://drive.google.com/file/d/1ktiCojKtKKAQrAAJLBm-qyGxw_gQb7DZ/view;https://drive.google.com/file/d/1VIIl3vG7d8AJLtli6UR9YUm7bjAUu5MF/view;https://drive.google.com/file/d/12Vyrw1KVYNqcpmsVwuUqqA-i1QiJ-DLH/view;https://drive.google.com/file/d/1EMZwQuK7nV1AdYEAvChxJ74SUoYBlM84/view;https://drive.google.com/file/d/1DClucQzBvk2sojcKlZ6kV2nPf0NPPVbz/view;https://drive.google.com/file/d/1ci7QQnPcKRt7p5SRwnVOJm0SQgz4ajg2/view;https://drive.google.com/file/d/1zpxwQLkltY8t3vGYEUglVx4p4bMKwWjI/view;https://drive.google.com/file/d/1ikQdRUUHLw3eGYIC2HGkLHfh4SFw3mWd/view;https://drive.google.com/file/d/1U2IU7XCZFbC_enKDIgSs_LImWfCRJkR_/view;https://drive.google.com/file/d/155yFc0izGNJ7ESm225fCX9LYvWrB4dEJ/view;https://drive.google.com/file/d/11WDXzW38bI2dnQQpm-JX-FLMNR0K-OAJ/view;https://drive.google.com/file/d/14o9rbLuiYA_ZaYEncTVNZgUJOyenq6Wo/view;https://drive.google.com/file/d/1HBflSYUWPek49elHI89q0RliB52eejQE/view;https://drive.google.com/file/d/14DJ5bXUhglB8MFa_DWWUoPZVUuOaYsQP/view;https://drive.google.com/file/d/1b6wZP9SLEFt8TDgy0VoFJkTuksQe82qb/view;https://drive.google.com/file/d/1JsP3Trpemn6t6PpIvIdfXxblsXD19xeU/view;https://drive.google.com/file/d/1Igr6jiDdan6s46odBmq4CRLxF_3z3m1Y/view,11B1Ju0kqZ2LSHszTyCQmejzdxqXqwCjY,4.123596
DY_RW_noLouvres_Straight_20260914,post_DY_RW_noLouvres_Straight_20260914.zip,RW,STRAIGHTLINE,isolated,20260914,DY,Full Car CoP=50.202277;Radiator MF Rate=0.299036kg/s;Inlet MF Averaged Pressure=65.268397Pa;Outlet MF Averaged Pressure=44.934738Pa;Pressure Drop=20.333659;Cell Count=38573707.0;ClA=-1.852287;CdA=0.725919;RW DF=-91.485311N;UT DF=-98.101142N;FW DF=-87.26232N;Body DF=8.644661N;Wheel DF=8.906592N;Whisker DF=4.01087N;Full Car DF=-255.268284N;Radiator DF=0.281453N;Body Drag=25.265746N;Full Car Drag=100.040755N;FW Drag=8.687297N;RW Drag=41.515761N;UT Drag=11.888231N;Wheel Drag=12.386057N;Whisker Drag=-0.511599N;Radiator Drag=1.247897N;EL4 DF=-62.127092N;EL5 DF=-14.679702N;EL6 DF=-4.21769N;EL7 DF=-10.252753N;EL8 DF=0.0N;Endplate DF=0.095014N;Swan Neck DF=-0.016563N;Carbon Rod DF=-0.016563N;Carbon Rod Drag=0.101772N;EL4 Drag=11.992085N;EL5 Drag=15.425194N;EL6 Drag=9.484867N;EL7 Drag=0.790724N;EL8 Drag=0.0N;Endplate Drag=2.524505N;Swan Neck Drag=0.101772N,-255.268284,,8.644661,-87.26232,-91.485311,-98.101142,8.906592,0.095014,-0.016563,-0.016563,-62.127092,-14.679702,-4.21769,-10.252753,100.040755,25.265746,8.687297,41.515761,11.888231,12.386057,2.524505,0.101772,0.101772,11.992085,15.425194,9.484867,0.790724,,,,,-1.852287,0.725919,50.202277,,,,0.299036,65.268397,44.934738,20.333659,38573707.0,,,,,https://drive.google.com/file/d/1_avp6WGX2Q0FUDBkFU4iXlKT_qtGcpdb/view;https://drive.google.com/file/d/1IYArBZehYwxf3nXR-RiwG2iKaiwb7QmX/view;https://drive.google.com/file/d/1uGOq1lfNAxQCpa6aABLVpBlDxl66Yd-c/view;https://drive.google.com/file/d/1Kl3B9zDLgDAcEbtsMWFXEaoqpzgydgHW/view;https://drive.google.com/file/d/1uzHWc3QmKb1xrQ5WfLsSkDSu0e7Xe9EX/view;https://drive.google.com/file/d/1YflOVPYIGQglpS-QeE5M7Ke2pL4PPD3_/view;https://drive.google.com/file/d/1CROWtLFWZORG6p5MopYb5ADUhALVzVyJ/view;https://drive.google.com/file/d/1LykAFUWgFOkzeZSADXmHFAO9Tlw__jjA/view;https://drive.google.com/file/d/1xfEGHNrQtBxAKvDykM3hvtmysIJftqhX/view;https://drive.google.com/file/d/1vzSb9ziCzLqm_0BV9nJNht2nPKSlDD3a/view;https://drive.google.com/file/d/1hv3FUnFtwfgyO74oVt6IYPL7iPMlFHFa/view;https://drive.google.com/file/d/1YqcaOYH1OUDMjA3SBzXj-qhjfXA0hNaS/view;https://drive.google.com/file/d/1OeVennypw38wj1L6exTGC7llKfT4qhME/view;https://drive.google.com/file/d/14fu5oCR0Y6sB2i5uOuMsSH08oGPVfb-r/view;https://drive.google.com/file/d/1fHvhAQQ0IlEsBqp28VH7DowZZepv9n8U/view;https://drive.google.com/file/d/1ySYP-IF-D7oqYchC2DRgcY4ZG5luRUCV/view;https://drive.google.com/file/d/1G7RvqYXgqHgHXPTJGnVWTf5O9UOdiKnG/view;https://drive.google.com/file/d/1dM3fwbXtQYQpa1k2Wm87JvmCsM8Sr7UO/view;https://drive.google.com/file/d/15bx7uqH7HYqfTHIRVAK5lu8tdjr6WOl5/view;https://drive.google.com/file/d/1xNOoJpUYO18CupbwxUMThH6teJaPv55q/view;https://drive.google.com/file/d/1PCzrmAY-Dthp57kiZq8__FNtyEdiJvYi/view;https://drive.google.com/file/d/1hK4HWM-GZicfu6YMwsHHT_NYnPoM62Q4/view;https://drive.google.com/file/d/1i88bXt_Q2flUSVVAGQ7YfjMv8s2w6FEB/view;https://drive.google.com/file/d/1vbYcTlTIJBy3WjF_-I5h3v3rXIlPHH_6/view;https://drive.google.com/file/d/1T4RzaGMkTU5WMopmnOufc8eTLDHlBx7M/view;https://drive.google.com/file/d/1TnDrxQ0TeWFtl11chGo3u8iYreQXPoOL/view;https://drive.google.com/file/d/1Ss6kaQRZYfqWgQNBkNGYRcujFWdE0evS/view;https://drive.google.com/file/d/1J7StBKGmRk45TNsCXdqvW9BFovbEtZl2/view;https://drive.google.com/file/d/1IUP_rkEkMDvsp0hGqOnOhpJirXsGoy0V/view;https://drive.google.com/file/d/1Dsa54uselxt96chp-XHeze3RkIK2dGFR/view;https://drive.google.com/file/d/1oHX7UX1fEdHCVePQhcCGZuwxUhpRY_eT/view;https://drive.google.com/file/d/1TJwHB1PFePWC7dCWl77Vs6mC70J89T-5/view;https://drive.google.com/file/d/1Cn8K3AHWIv8EwNAOBaHPdBvMz6mH8T_m/view;https://drive.google.com/file/d/1nA552JQ3_EYdnDuw5HVCf3MzvIBEpvWJ/view;https://drive.google.com/file/d/1Iqo39evOh8I3C1_sb9Wa5hzOITRB2SAQ/view;https://drive.google.com/file/d/1t66ZAJ_fpIIAFKv7MDsGNJLye60JHbjC/view;https://drive.google.com/file/d/1bvD3UY_Q8RKTWZ7lDe-uzCqCaDw9EOtH/view;https://drive.google.com/file/d/1vbEUVZSEVUQdzwLF-FLtcs0W3DBsilFV/view;https://drive.google.com/file/d/1pKtpl3Np4KyjIpGzn9s12W2dhPC0-nyL/view;https://drive.google.com/file/d/1ApiZiBmYp_AzLCevnOh_Cmq0W8VdPDPm/view;https://drive.google.com/file/d/1TdICKGhCFvLj-xeiWM5KYIx1N3F4XoWc/view;https://drive.google.com/file/d/1pCF-fsVtnoI5OJIm9lnsTMeYdg_V0DBT/view;https://drive.google.com/file/d/10M7mZkmDA5_nZp74k1XYB_ZtNXnZ1Am_/view;https://drive.google.com/file/d/1odZDjBEIL3FohCVOIkSIsWG8p517beCK/view;https://drive.google.com/file/d/1PtowH7GV23Pb6E0_zGVxXXXxAmJ8riX6/view;https://drive.google.com/file/d/1SqYf3EUYPXuekYflz8OHo5PXIx5QwWfx/view;https://drive.google.com/file/d/1VMEzMEn6Kf6mohQr_z2KnS4BikPALjSV/view;https://drive.google.com/file/d/1JVrNcsW-PjQU9rLwxEcplkvAf8fPxL0c/view;https://drive.google.com/file/d/1BSmlZxJYE4k0hXv2rDQaAqUyT0aA0bau/view;https://drive.google.com/file/d/13fmPYX5luyd29noF-hadLwtJ_y5TyqfF/view;https://drive.google.com/file/d/1ltLz_7wYUEgY2JdbqtvpWSMIs53Ua2Eu/view;https://drive.google.com/file/d/1VeBhDbAjXHTCOSeCpruszw8Lpypo_RGd/view,,4.01087
DY_RW_corneringTest_cornering_20260902,post_DY_RW_corneringTest_cornering_20260902.zip,RW,CORNERING,isolated,20260902,DY,body DF=9.591766N;full car DF=-193.533795N;RW DF=-78.866332N;UT DF=-68.293383N;FW DF=-67.781941N;whisker DF=4.279383N;wheel DF=7.526545N;radiator DF=0.010167N;body drag=22.593943N;full car drag=80.239482N;FW drag=7.083672N;radiator drag=0.858692N;RW drag=34.23134N;UT drag=8.425197N;wheel drag=7.661667N;whisker drag=-0.615029N;ClA=-3.049583;CdA=1.264363;cell count=279833155.0;full car CoP=0.742249m;RW CoP=1.693124m;UT CoP=0.703164m;FW CoP=-0.605106m;radiator left MF rate=0.127913kg/s;radiator right MF rate=0.096794kg/s;el4 DF=-49.501733N;el5 DF=-11.116668N;el6 DF=-3.646721N;el7 DF=-12.044486N;el8 DF=-2.612417N;endplate left DF=0.35353N;endplate right DF=-0.162441N;mounting DF=-0.135397N;el4 drag=8.193473N;el5 drag=11.386598N;el6 drag=8.371981N;el7 drag=0.233919N;el8 drag=1.217425N;endplate left drag=1.521034N;endplate right drag=1.983547N;mounting drag=1.323364N,-193.533795,,9.591766,-67.781941,-78.866332,-68.293383,7.526545,,,,-49.501733,-11.116668,-3.646721,-12.044486,80.239482,22.593943,7.083672,34.23134,8.425197,7.661667,,,,8.193473,11.386598,8.371981,0.233919,,,,,-3.049583,1.264363,,0.742249,0.703164,1.693124,,,,,279833155.0,,,,,https://drive.google.com/file/d/1GMkKAHkED2LKFPJIIPTyGsCiYFxfX4u0/view;https://drive.google.com/file/d/1dh_Cbtm9gqgc6_TV5an3xO5stAkzcqQ9/view;https://drive.google.com/file/d/1CVXs2fLte84A06yAJPfYip1o7VpEKWIe/view;https://drive.google.com/file/d/1ZxIsrlOokTRjSn-B-LZ4Dr3yIJenxSrw/view;https://drive.google.com/file/d/16rpEkbxPdae7TTVIFPlB9QmlDeLNXCuH/view;https://drive.google.com/file/d/10lwqfIuMVyl27eTpTU2A6xr1S1I7hP9h/view;https://drive.google.com/file/d/19COACgkwTN_WfnhxgQ1zsXNLHzp0pqUm/view;https://drive.google.com/file/d/1Cy9O7lEvREVbR3IE69XukYEaeHvaQ8no/view;https://drive.google.com/file/d/1_w9s29TmlZst8snOsXAU2_tAXSxaxRhh/view;https://drive.google.com/file/d/1S1KkAMnFOi7Ox9OJGPqv-iiojOmua23Y/view;https://drive.google.com/file/d/1OzBFED1XPq28_V-cF8uoEKyn24y9v5jn/view;https://drive.google.com/file/d/1Nc8_berq1Guhyc2MCAZV7JZNz52B6-vW/view;https://drive.google.com/file/d/1xhNE_uXlIGcu-gk0BP2QSkUAkO1l7FwF/view;https://drive.google.com/file/d/11FAf_HGOahjnjJdORaE1-C_HHhSD8ysE/view;https://drive.google.com/file/d/1Hk5dBAjh30OJapfwZ3EbQ85chy5i0YUg/view;https://drive.google.com/file/d/1YAkLBNa9ZE6-bpJkAF-MJOy0XlBeE444/view;https://drive.google.com/file/d/1BT0yJoM7M_cADZfbs_9v3q30N4_hXHlK/view;https://drive.google.com/file/d/1ul64eGXjY9XE8HxUS_LCQvNM3A3RIAW-/view;https://drive.google.com/file/d/1G8z5G_BG6jCfRTM5jhGICFwAHcUzCGKq/view;https://drive.google.com/file/d/1wodbNYJ8ckCmsFejMTEWYVPzQTlFyQCH/view;https://drive.google.com/file/d/1-stU6-r7yHMCICxm9GseveKu56CVAsw8/view;https://drive.google.com/file/d/1vVJLwCudqTeHwB-POdpHWCHz6ZTPtfJ7/view;https://drive.google.com/file/d/1RzwUXZH5rEBHZvhwHjVH9QtXJTxxeOeB/view;https://drive.google.com/file/d/1rQYmJoFvchf9BY8BhJHajl6yIBVvwerl/view;https://drive.google.com/file/d/1kml78kLsMj0e9XSQ_9fE36CjPIoOMeGX/view;https://drive.google.com/file/d/1fT66STb5bPrOoQY9PJBs7tWDNsE-8YuM/view;https://drive.google.com/file/d/1osufSXIgMcMgeUhjLbl2siT3SUAoWGyn/view;https://drive.google.com/file/d/1NiUEIuwfwUm3197obl-U_XzH1uoFX3qg/view;https://drive.google.com/file/d/1of0VWHJ0lcXoyVIkgbL6E1UqnE3AxoDr/view;https://drive.google.com/file/d/19X8FWeNw28qUCpPWsc-WduPAKBzjGJeY/view;https://drive.google.com/file/d/12SWDO35jEFLXET0dEWgQW8N3_wYonWqV/view;https://drive.google.com/file/d/1lf8uR8m4VdJhVhd-QhaXpP45hRTX-qrW/view;https://drive.google.com/file/d/1tTY3lpsqLIou5atih2dJumx6Ux-TIqg_/view;https://drive.google.com/file/d/1EbOfJ4sM79UvXIsjR38PsvdPnU2VI7o3/view;https://drive.google.com/file/d/1yy9eVFFFhFWn3vVbPOoWoAYKMkWTX11l/view;https://drive.google.com/file/d/1zTwXaAtDpyUlNezQoSdDnfNGt7HeBd1K/view;https://drive.google.com/file/d/1kwb9aypUBn_AfnKhBd5csJaFfkdV9RDc/view;https://drive.google.com/file/d/1J94FRaupc31HMqV2Bv0wSugUXnnz1T5r/view;https://drive.google.com/file/d/1UKr2BYfvJoIWqCzyWvAUwtJIl6913WDF/view;https://drive.google.com/file/d/1iT0eLSgOQpZitBfHcPCuBKBwaK0rvNWl/view;https://drive.google.com/file/d/1CdZXMz3v9qqPD3N6J4rWfHTMAIzG5ud4/view;https://drive.google.com/file/d/1gRQXHH63uTc0yRrt80Vh1kzE0D4ka_wm/view;https://drive.google.com/file/d/1AQ29LzleiK4r5TSgwqgzjfHCusBZdSvP/view;https://drive.google.com/file/d/1vO7FqUkUWFzLgrSyQwnkg7JL-5oAt1hy/view;https://drive.google.com/file/d/1ZKld8m5lWdcTGJVeclOhz4sOwxMAzRsu/view;https://drive.google.com/file/d/10UwLq-McESyZaWSwsImi6WcW-lErHQ6Q/view;https://drive.google.com/file/d/1TvsjbomAujJ4QMdeKrEKCfU5yT-Ow7RW/view;https://drive.google.com/file/d/10PmW6rWcWOC2l6NT_24q0uBTPAFBLg0E/view;https://drive.google.com/file/d/1BaMsrC6JAPne02Kei7b_IymqGQtbGtgZ/view;https://drive.google.com/file/d/1LiVdUUwWRmgLlnrOsR0w1lw1cbxps_kL/view;https://drive.google.com/file/d/1klo385in5JFzuzOGvABDixcPS66b2z23/view;https://drive.google.com/file/d/1KpZPutkCLMwPqbMGcBF0Th5X7-ovIrJQ/view;https://drive.google.com/file/d/1gNyAdQXkirJYB-0y7f3pXIRtGgdSjdB2/view;https://drive.google.com/file/d/1qmCgsbObDQQeUYGSatxsYwFD51InTJbA/view;https://drive.google.com/file/d/1JPDdfApsnjy-TCsvZ7ZBQuH8atXx07g1/view;https://drive.google.com/file/d/1uMoRkUpgH0C90Wmuqb69frK_nb8DMPb_/view;https://drive.google.com/file/d/132byU0UhaGDytahK_AVFrRtdwfTqjqX8/view;https://drive.google.com/file/d/1hi0Zk2Bd-WG0wsmC1huFkI6ZoQyoNZ2e/view;https://drive.google.com/file/d/11pi-KtHh9SXsVZbAdkrst93Bcbu5Uiej/view;https://drive.google.com/file/d/1SboSv3M2hdW33g6Ix2ah1UrpINAZWVMh/view;https://drive.google.com/file/d/1C7clyntksCGTAo566c2YA6lVY237Mokx/view;https://drive.google.com/file/d/1sHebHJRlWNeTRjpr6jeuScnXg1r0I73M/view;https://drive.google.com/file/d/1jevs4AfkQ5DmhGM5ncDvJ8sClVqsM8PM/view;https://drive.google.com/file/d/1FUBJMeD1W0cJebdAplz5AMbHIbfs_bVE/view;https://drive.google.com/file/d/156TL_Egu3HF7XQhlhk7yKNs098OomUhI/view,,4.279383
DY_RW_multipleChangesFixed_Straight_20260914,post_DY_RW_multipleChangesFixed_Straight_20260914.zip,RW,STRAIGHTLINE,isolated,20260914,DY,Full Car CoP=49.303768;Radiator MF Rate=0.281965kg/s;Inlet MF Averaged Pressure=55.76951Pa;Outlet MF Averaged Pressure=37.088991Pa;Pressure Drop=18.68052;Cell Count=43588426.0;ClA=-1.83334;CdA=0.685695;RW DF=-86.854266N;UT DF=-98.970875N;FW DF=-87.219474N;Body DF=7.546447N;Wheel DF=8.752634N;Whisker DF=4.092428N;Full Car DF=-252.657193N;Radiator DF=0.261933N;Body Drag=23.721643N;Full Car Drag=94.49738N;FW Drag=8.564858N;RW Drag=39.88274N;UT Drag=12.031483N;Wheel Drag=10.046807N;Whisker Drag=-0.542233N;Radiator Drag=1.174953N;EL4 DF=-61.510989N;EL5 DF=-14.309538N;EL6 DF=-4.088637N;EL7 DF=-6.204494N;EL8 DF=0.0N;Endplate DF=-0.433308N;Swan Neck DF=-0.032242N;Carbon Rod DF=-0.032242N;Carbon Rod Drag=0.10087N;EL4 Drag=11.685952N;EL5 Drag=15.09631N;EL6 Drag=9.1252N;EL7 Drag=0.332664N;EL8 Drag=0.0N;Endplate Drag=2.363478N;Swan Neck Drag=0.10087N,-252.657193,,7.546447,-87.219474,-86.854266,-98.970875,8.752634,-0.433308,-0.032242,-0.032242,-61.510989,-14.309538,-4.088637,-6.204494,94.49738,23.721643,8.564858,39.88274,12.031483,10.046807,2.363478,0.10087,0.10087,11.685952,15.09631,9.1252,0.332664,,,,,-1.83334,0.685695,49.303768,,,,0.281965,55.76951,37.088991,18.68052,43588426.0,,,,,https://drive.google.com/file/d/1QoJBLIit-O7k04K12JzlP7H5RBViza--/view;https://drive.google.com/file/d/1yJwAciEXzUf7-BoQVpgvTWBnaa9OUO-y/view;https://drive.google.com/file/d/1cJYPfqAwiIeWGa0tO_rgvX64dwbdyZoK/view;https://drive.google.com/file/d/1Dhujt786y1ILQNQg3p0rHo17rSSFC_HF/view;https://drive.google.com/file/d/12MAwr3t7IF3UywsPfGqMyGABrKqNJwJY/view;https://drive.google.com/file/d/1rByRxMvqQdNCsIAyVdmE7vjTFIoRHq_p/view;https://drive.google.com/file/d/1pBSgfiJT-2iN_ewAJX2jwR1o33EXqpga/view;https://drive.google.com/file/d/1GiVQpvMEn3JSSXk24Cx22_bs0ojWpY_R/view;https://drive.google.com/file/d/1voAtiGjO2RK07ufuxf4YVP0T87fQ56bY/view;https://drive.google.com/file/d/1iT7Tp849DL6QB1k9Nbq2xk5KSKdsByjj/view;https://drive.google.com/file/d/1-6SdDR1vF5Dp08-486GwBDoc63Tq4Ekq/view;https://drive.google.com/file/d/1UqDMcXVBXgxexd0xs2E7e-kpU2KU59XZ/view;https://drive.google.com/file/d/1qk00AzQ1CUI6gaAx_Hhws2m47w_hhR15/view;https://drive.google.com/file/d/1JN2QJeoJukOxDW5rCcd1qpBqYbW5BJkl/view;https://drive.google.com/file/d/1HN4AT6JUuaOcjqw6uSaqJZr1b1BuNVQs/view;https://drive.google.com/file/d/1MqoayFF9PcwhGKM5etS0Z96NlVHIBOOv/view;https://drive.google.com/file/d/1m71hMSPZZgFbtoF50F29pzqu2FcWSBQi/view;https://drive.google.com/file/d/18BWO11Ksy1dTFIIEAolN0PdVFeXQTj2r/view;https://drive.google.com/file/d/1UA7EpW4j51YUHwWoyBtDo-iGZDFG0zqm/view;https://drive.google.com/file/d/1y2YE7CyzFmr-Lu6U0xUZEA5r3TZmOlri/view;https://drive.google.com/file/d/1h-0K0IuHSODaDyGfYm5aVCBTkuk9t81u/view;https://drive.google.com/file/d/1De0xjcuYRcoT6Soqvxlgl3-RTc0Jw4eT/view;https://drive.google.com/file/d/1AA7fI9uZILqbZAJfvcOKQzoZFFRkPNq_/view;https://drive.google.com/file/d/1BisbyNT1bCafc2fgy2fWZNrD6WTjmOFo/view;https://drive.google.com/file/d/1nsJwamzahwuDbnHPYVjAOfK-rQUoLPQo/view;https://drive.google.com/file/d/1sdUgZv-LnIi769jve6TkAiW4ugrcmnLS/view;https://drive.google.com/file/d/1f-_qSBYs6sVD3FmCjOK8JuTDs3CA6ovl/view;https://drive.google.com/file/d/1yhvrUj9GPBKBdaHHDTGvCs8Wg3NrCoQ4/view;https://drive.google.com/file/d/1pvsnxeG-KSuoNrhYLb1YHxy45Y6blayC/view;https://drive.google.com/file/d/1qwEBzUqV4tRHJbBjpnHm5Opuqo2HWE5y/view;https://drive.google.com/file/d/1QulMr4gkRFeZsT9QDsrzgpJjvCM9tIm3/view;https://drive.google.com/file/d/13l9xbl5lS_0-BAxSscPPHZCmjMkQUfpK/view;https://drive.google.com/file/d/1eRQvzkKq7mqfgLPG8bebQ8DPAZe3pIHi/view;https://drive.google.com/file/d/1j24lo846-WEdYNX-Zyuu-Rmg9RW6nRDF/view;https://drive.google.com/file/d/1wTdyuxA6BenLinUdF3EKWGtKD93WXolD/view;https://drive.google.com/file/d/14STDbdJf1klWysQvgH4JNSp-CydAlX8W/view;https://drive.google.com/file/d/14I8JhkIJ4lwoiWttaLpnc_7_O5r9M7UQ/view;https://drive.google.com/file/d/1xjADBp8EYRGDxXv0L9no-ufpVOd0bcXm/view;https://drive.google.com/file/d/1yo-twZfksxYc2uAi-06NuSHxJ89sxf7r/view;https://drive.google.com/file/d/1U92KvShtOs4L8LcBCw1vDDjZ73Fa3H3z/view;https://drive.google.com/file/d/19tEnrmMyhmd4XOzsm6i0-5wCu-jCf10q/view;https://drive.google.com/file/d/1gw_s6sRxsKJnhHhpo97QkT03S_aTOikK/view;https://drive.google.com/file/d/16K_GUYeWY6yElhFL9NSxdJ_P7BLYxU4J/view;https://drive.google.com/file/d/1FfJpLlQJAi5OfuMfGDJPLIxIwQz2yZog/view;https://drive.google.com/file/d/1Y-61QnkoZjKQ1pHAwh41AfK9r62Q-9Og/view;https://drive.google.com/file/d/1uGRpl5Zal1XnsjeXZy8st6Rv0OeHUg1P/view;https://drive.google.com/file/d/18Fx2zjatQyp4L1qo7spktI59c4sMzMUI/view;https://drive.google.com/file/d/18Iy5h484WONuFDOkMtX_uDXDSEdwwwgF/view;https://drive.google.com/file/d/1qPgjByprNF_vfp8SDySfZ-GksrZKVOSf/view;https://drive.google.com/file/d/1gpl-Dm2qzk3R4K8sxppqFAYg3rvjRKId/view;https://drive.google.com/file/d/1zD6e50ixpDCsrqx5B_cKOYEzlPuQM3nc/view;https://drive.google.com/file/d/1lzh6NPZn3cp4R071uYL5-yEqrtUEhdLl/view,,4.092428
DY_RW_testStraightBiplaneNewEndplatesRerun_Straight_20260913,post_DY_RW_testStraightBiplaneNewEndplatesRerun_Straight_20260913.zip,RW,STRAIGHTLINE,isolated,20260913,DY,Full Car CoP=49.398981;Radiator MF Rate=0.289137kg/s;Inlet MF Averaged Pressure=56.996041Pa;Outlet MF Averaged Pressure=37.553275Pa;Pressure Drop=19.442766;Cell Count=38761800.0;ClA=-1.836204;CdA=0.703891;RW DF=-87.871489N;UT DF=-100.022624N;FW DF=-86.987446N;Body DF=8.205442N;Wheel DF=9.498017N;Whisker DF=4.105671N;Full Car DF=-253.051851N;Radiator DF=0.283289N;Body Drag=24.24369N;Full Car Drag=97.00496N;FW Drag=8.620006N;RW Drag=40.907234N;UT Drag=12.645772N;Wheel Drag=10.341296N;Whisker Drag=-0.54231N;Radiator Drag=1.202847N;EL4 DF=-54.565226N;EL5 DF=-14.177714N;EL6 DF=-4.068769N;EL7 DF=-12.529674N;EL8 DF=-2.60356N;Endplate DF=0.324413N;Swan Neck DF=0.020464N;Carbon Rod DF=0.020464N;Carbon Rod Drag=0.157415N;EL4 Drag=11.633689N;EL5 Drag=14.501151N;EL6 Drag=9.139985N;EL7 Drag=0.282741N;EL8 Drag=1.23696N;Endplate Drag=2.848886N;Swan Neck Drag=0.157415N,-253.051851,,8.205442,-86.987446,-87.871489,-100.022624,9.498017,0.324413,0.020464,0.020464,-54.565226,-14.177714,-4.068769,-12.529674,97.00496,24.24369,8.620006,40.907234,12.645772,10.341296,2.848886,0.157415,0.157415,11.633689,14.501151,9.139985,0.282741,,,,,-1.836204,0.703891,49.398981,,,,0.289137,56.996041,37.553275,19.442766,38761800.0,,,,,https://drive.google.com/file/d/1h3_Sv2miWCoyHx-uVtT_nCQk81wuPvMR/view;https://drive.google.com/file/d/1bwmJIpvyDpkYTNdCs_n5InIVN652hcwu/view;https://drive.google.com/file/d/1cSa3TmyEidzu5ThrkqJ62ouwkKP-sqkm/view;https://drive.google.com/file/d/1zAWNUyQd31NGwg6wf7GKJZL77a6e4zR2/view;https://drive.google.com/file/d/1w-Tu0pe9aAOQVfVLJSiFind1Gg_JxCUB/view;https://drive.google.com/file/d/17SjFsywQ0-i6QKcZ7Kk4qyj2CWaLEwRD/view;https://drive.google.com/file/d/1PE-ezYCtLUHML-TNbCEzzkge8AREwVsa/view;https://drive.google.com/file/d/1VJw-jlQO_H5qshSBPLPsNNawHkwsEI4U/view;https://drive.google.com/file/d/1JKY4OtwkdWKv3P_07N1izTj1PdsoqtE-/view;https://drive.google.com/file/d/1O8TgFS4OmXGOe-E9IVn5KprgOPv2CRKp/view;https://drive.google.com/file/d/12QpGqB5RVcqkJqcKQzcrnBHdajU0zFHX/view;https://drive.google.com/file/d/1lR208fJWOAFSfCu0JYDiq_-ZghyjjDmj/view;https://drive.google.com/file/d/1YhzpTEBQ-R1LOt-ft3TTQlcYtqHmzlJo/view;https://drive.google.com/file/d/1crrY3rj9_qcuxw6TbE6EJ6wN1Ig5pjOW/view;https://drive.google.com/file/d/1D3xzonOyDmN88wVmU3JspEFdIeWi6R2W/view;https://drive.google.com/file/d/150qIj_nmfMIonQ9v7UTnn4yg4fiJSW70/view;https://drive.google.com/file/d/1_wWhlMD7qdHdaDqK9Ee9eZHHrOhp4OEX/view;https://drive.google.com/file/d/1i9QhvQ-BssHliZDYXr4MLNNvOsbPuhUN/view;https://drive.google.com/file/d/1lv5HpP_mlxYVJavLtaNzkxoce-I5s7Q5/view;https://drive.google.com/file/d/1cnkE1p7eZ5Vs03MJp6DDStgohdTu-DoO/view;https://drive.google.com/file/d/15ExGdaE0jLMD9oSCAjn16ls20CzqIaXa/view;https://drive.google.com/file/d/1G8aMWxp6Z547QsvxOvxL7Iwn4to8j5w8/view;https://drive.google.com/file/d/1Oa5ddIRlrzqOtIRBjwWu91ZOJ-7DsTph/view;https://drive.google.com/file/d/1BTM7H_fXini3VwW7TPJsUraou7JiYADt/view;https://drive.google.com/file/d/1My5yW_E0KNYcBxJVQZIkFIBiHNMJanYP/view;https://drive.google.com/file/d/1t1i65KX_l7Aute9CJPxgkOnhHbTAcufN/view;https://drive.google.com/file/d/1aifxYjthxgWU276HhsMj1k5lRNxSVZR9/view;https://drive.google.com/file/d/10xFqAAV0bENE_jUCYfl-uvIo6nNP3EuC/view;https://drive.google.com/file/d/1kqTLGgAu_bztWqV1skaIeW34AeynpZae/view;https://drive.google.com/file/d/1aAylZb4dq-X8ID2nfhY9a9k2yvfESx56/view;https://drive.google.com/file/d/1n4dm6FEP1PWQNBCV66G8qH4ac-slUvu6/view;https://drive.google.com/file/d/1YP_V7Z7fLp9oNqWKGAYDutHpAk5S1oAV/view;https://drive.google.com/file/d/1OZDELCYbWA3kLVzxKOegyD-oVB3_8dQk/view;https://drive.google.com/file/d/1Uw8msvJnvJMbNczri0hA94rHRhpvG51I/view;https://drive.google.com/file/d/1m88wKzH2h55urpA1CxvoZC0WPCA8V6iT/view;https://drive.google.com/file/d/1BhLCbn3kMxalk04ySI91z8160NsOvkIH/view;https://drive.google.com/file/d/1enFmRQLvdOEE6_OSJZ-27ihxnaHeql3T/view;https://drive.google.com/file/d/1I9gsgKeVn9fiKe4LMzqlv66li0Wb-0PA/view;https://drive.google.com/file/d/1fdNB4-6QFNlwVc1mETdhJavZBJeP-PxX/view;https://drive.google.com/file/d/1udShitN_fpqj1mEc38nycMLa1NrrNeHK/view;https://drive.google.com/file/d/1Y9ffwWDFXrDxyxbJKjyuIlWjtftW8mRe/view;https://drive.google.com/file/d/1UET-P29FTn0LmWmJ8dSqK8tbPtGyC9xZ/view;https://drive.google.com/file/d/12Fg_HD6OcuxCnRGAGEc6btl060FzB3gg/view;https://drive.google.com/file/d/1Vo9gidHvD3z5959fBjQBqYmRswCUq978/view;https://drive.google.com/file/d/1cyVWEEISQNHuGyPiPdefJQTVbp4PUUdq/view;https://drive.google.com/file/d/1g1l4CeAJlzSfzaAgcgKLQByNXp_DgPot/view;https://drive.google.com/file/d/1loz6B1JN3WwanAqA-mgWjFobbtBQro1U/view;https://drive.google.com/file/d/1h53wUZpEG3uz75MwPqw3JOkRTtoVvEHT/view;https://drive.google.com/file/d/1RKYdxSNTZfWuQ60BoQjvn3Z94DVafP2L/view;https://drive.google.com/file/d/1UQUKVvU_rEUcEWurr9XRwQ-HtH2jDy2F/view;https://drive.google.com/file/d/1AjI1eFymahE5ay57N69vZZZMVUXOujRv/view;https://drive.google.com/file/d/16ftUR89QK_ZOoUi121H_yZLdZtE_AsdF/view,,4.105671
NC_UT_500mm20degOutlet_Straightline_20260802,post_NC_UT_500mm20degOutlet_Straightline_20260802.zip,UT,STRAIGHTLINE,isolated,20260802,NC,FW_DF=-82.025741N;RW_DF=-86.821078N;UT_DF=-89.178963N;Total_DF=-237.772686N;Total_Aero_DF=-247.205393N;Total_Drag=89.818471N;CoP_Meters=0.760515m;Body_DF=6.592052N;CoP=48.286696;Whisker_DF=4.195122N;Wheel_DF=8.636798N;Radiator_MFR=0.284862kg/s;Inlet_MFA=61.078133Pa;Outlet_MFA=37.585372Pa;Pressure_Drop=23.49276;Cell Count=40502607.0,-237.772686,-247.205393,6.592052,-82.025741,-86.821078,-89.178963,8.636798,,,,,,,,89.818471,,,,,,,,,,,,,,,,,,,48.286696,0.760515,,,0.284862,61.078133,37.585372,23.49276,40502607.0,,,,,https://drive.google.com/file/d/146lpxmYQVhjRZnXI5D1uQ2I_K8y6_FaM/view;https://drive.google.com/file/d/1ZGJM6WTvyKr0A0KE_oUGE5Fed-wQjRRe/view;https://drive.google.com/file/d/1bMVBx6D1GuBDFELU0BKIiaybtP97-Mp4/view;https://drive.google.com/file/d/1mb00ZWEWj1wwO60GQGuwxCQlxVsklKNc/view;https://drive.google.com/file/d/1kp-Hs2HFNqUCylq_Ms7oPwnW7OiR55NY/view;https://drive.google.com/file/d/1CGWrCf5PwkRZvKdhfJFFxpwM4CkEMztn/view;https://drive.google.com/file/d/1Jbi7jJ-3PIWr5y7xKbpc-QC004doNzux/view;https://drive.google.com/file/d/1ztYRh4kgnKk7OgBkvF1Tq9sydA6TZrXM/view;https://drive.google.com/file/d/1cHbOLuBdAcB7z9bX2F8oFIxl5EI4WKvQ/view;https://drive.google.com/file/d/18HU3wflNZ8Y45H0xtCysJexOS8iq4vkg/view;https://drive.google.com/file/d/1h__bjNr1MaScRufZckyGBArIZM5xLNYf/view;https://drive.google.com/file/d/1f2U_xAjFQ9fbDq5RNNX8KAgBrtt9ydEX/view;https://drive.google.com/file/d/12uozDJ7QwVYrXtgdeVtl1cZYLxUlU92U/view;https://drive.google.com/file/d/1a0L_OfALeEsuLTKGG_dRIbqtkusfvkIj/view;https://drive.google.com/file/d/1r_M7zgdZFTjcpvPMdoNWqPgkvFhpSJsT/view;https://drive.google.com/file/d/11YrBeZmSfhCh0MJ7Ti0iuQbbuJf49MA2/view;https://drive.google.com/file/d/13gBvUgZ8JwNs3ebf6yLS7d9YU1Cdjom4/view;https://drive.google.com/file/d/1s1D3ikUH5Q5ZyNCjNFsRj85XWe3DoLlr/view;https://drive.google.com/file/d/1QSlOTFAUxArSO7QkeH6eAtcK0vcxFzvz/view;https://drive.google.com/file/d/1RjVjEPjCU1TfXWbWwlkVleB5wb5BRaUq/view;https://drive.google.com/file/d/1kqtRRBKarefLA0oNnvTRSVArnJGxyTAQ/view;https://drive.google.com/file/d/1O3dnLWB_HluQpXJWABbw740JDZ-s-yUi/view;https://drive.google.com/file/d/13jTuI3H23xNyY_J-Is-EfCTZhb2z8PB2/view;https://drive.google.com/file/d/1VkIlyL-UKRCpZrqsEw8fVXxtnjr7dOdZ/view;https://drive.google.com/file/d/1pqjN_IBZEU8R5gfVa5_74I602oEMB8am/view;https://drive.google.com/file/d/15vDgZM4adjVaglNuh7EwLwLQkb4O-udO/view;https://drive.google.com/file/d/1xa1VDJc_1KzijeotWAb21Apz4gDtVINx/view;https://drive.google.com/file/d/1RKByXhriPyVDcTk6s4O_G00D7Vp1yv0x/view;https://drive.google.com/file/d/1rlhLyVgDA5W5zSOvkppx0SZlrPfCTg3s/view;https://drive.google.com/file/d/1-4BS_p6rzxEFAtwTX1P1zjCNaNDz4yk1/view;https://drive.google.com/file/d/14afyt92wSd4mhgRru9A1k30nSA9cK8Vp/view;https://drive.google.com/file/d/14WW_Cfl24SNDhBiSTQnDvKUu2w8dH5Vs/view;https://drive.google.com/file/d/148h1Z-5h5dJ9J4zHZqZfBAJV3szzMXQD/view;https://drive.google.com/file/d/1AlL0r96_xOEnhbKPXpFgWRIkbrvZYHRP/view;https://drive.google.com/file/d/15Icm9DwmZzglcdl01CScz4smmoCVs3ii/view;https://drive.google.com/file/d/1Wj5w4TwHffOW3y4l1A-BEX4Wsm1y_k0T/view;https://drive.google.com/file/d/1dkr4cDZqWMZ6yrKL6LBKWF8B0Kh7l4A2/view;https://drive.google.com/file/d/1M7xfQttehVJoIROxQJzxbl0UdB4WgTYp/view;https://drive.google.com/file/d/1Eqq1OmYndwUqkTs9wJ5cHTsCjesmJRiw/view;https://drive.google.com/file/d/1Miba0yUcnUCl2b-a9vyKun8bwrZnrpkG/view;https://drive.google.com/file/d/128pLQ3NpIh0nqjsC87RNTXzxL4NJLBNG/view;https://drive.google.com/file/d/1dJMIpofwLPA8sWcx0kT2rEGDQmN57ClU/view;https://drive.google.com/file/d/1e0-rC7SYXwwnNM1TB5tH1xdz676n19Uw/view;https://drive.google.com/file/d/1LLMT5jOVjC7D-bkQBcIJwLiFSjP-AmN0/view;https://drive.google.com/file/d/1qJHjAyGdd-9SRa4el3SoF40zNt-JkzpU/view;https://drive.google.com/file/d/14bqFi8rFQy-rvs8_qk36n-V3NBIRMVJC/view;https://drive.google.com/file/d/1NoxmIY2oUY09vMhYrNfUUEQAsDrp4ofI/view;https://drive.google.com/file/d/1Fs8IIJOrlYD8l-VbDwCwa-DAHRHtlU9d/view;https://drive.google.com/file/d/1Du8TLb1x3GQmB2IcdUfZwx91SXOkyusy/view;https://drive.google.com/file/d/1dII7XXr3UHEQHo157QYNXWMGGrmIokAJ/view;https://drive.google.com/file/d/1TbHWAsr4t6j7U8ZJBPYaOUDTudkfxWVn/view;https://drive.google.com/file/d/1geYnv6oIl3gWd5lvUQo4u_CZcGPG0TJz/view,,4.195122
NC_UT_9degAoADiffuser_Straight_20260827,post_NC_UT_9degAoADiffuser_Straight_20260827.zip,UT,STRAIGHTLINE,isolated,20260827,NC,Full Car CoP=49.373752;Radiator MF Rate=0.293728kg/s;Inlet MF Averaged Pressure=61.947637Pa;Outlet MF Averaged Pressure=41.973714Pa;Pressure Drop=19.973923;Cell Count=39020583.0;ClA=-1.757299;CdA=0.682618;RW DF=-83.503002N;UT DF=-94.186775N;FW DF=-84.457761N;Body DF=8.864994N;Wheel DF=7.015254N;Whisker DF=4.069594N;Full Car DF=-242.177703N;Radiator DF=0.272246N;Body Drag=23.904609N;Full Car Drag=94.073315N;FW Drag=8.501303N;RW Drag=38.961025N;UT Drag=10.123269N;Wheel Drag=12.344279N;Whisker Drag=-0.536672N;Radiator Drag=1.20521N;EL4 DF=-50.378495N;EL5 DF=-14.369109N;EL6 DF=-4.273911N;EL7 DF=-11.575369N;EL8 DF=-2.808565N;Endplate DF=0.029354N;Swan Neck DF=0.042895N;Carbon Rod DF=0.042895N;Carbon Rod Drag=0.203227N;EL4 Drag=10.6427N;EL5 Drag=12.988422N;EL6 Drag=8.674491N;EL7 Drag=0.517065N;EL8 Drag=1.347078N;Endplate Drag=3.518454N;Swan Neck Drag=0.203227N,-242.177703,,8.864994,-84.457761,-83.503002,-94.186775,7.015254,0.029354,0.042895,0.042895,-50.378495,-14.369109,-4.273911,-11.575369,94.073315,23.904609,8.501303,38.961025,10.123269,12.344279,3.518454,0.203227,0.203227,10.6427,12.988422,8.674491,0.517065,,,,,-1.757299,0.682618,49.373752,,,,0.293728,61.947637,41.973714,19.973923,39020583.0,,,,,https://drive.google.com/file/d/1kJNwIGeL2V6u8KPTaGENr_uitBh7x0Bs/view;https://drive.google.com/file/d/1bL3tDp7ImBQ1FhTS_S0q38IoTmS-UC5N/view;https://drive.google.com/file/d/1dMuIZjTFgtlM71z7WiPh00thhKHG2gOl/view;https://drive.google.com/file/d/1yaNwm2XBXLcH-TK9tZbYLLmRrx_9GqNX/view;https://drive.google.com/file/d/1gitTXUAaS6PmhQ4zwSjPR-puDfPAEUrI/view;https://drive.google.com/file/d/1Mgl-7V_oiplMJBkWiRqKPMtGVVUUidof/view;https://drive.google.com/file/d/1ixqMgXedeJrPSomWWbDnseX8LfowvZoN/view;https://drive.google.com/file/d/1-FsJgy1AIRVTMQQPotIqsdTF9u6uLA4S/view;https://drive.google.com/file/d/17nvHguX2ule47-mCs4rbni7Ad8yic6zl/view;https://drive.google.com/file/d/12RR6NWygxipWnhf3PDedqh4oPkHuBPx7/view;https://drive.google.com/file/d/1fwqPJF2jQup7z-8HTAPn07FV753twOmn/view;https://drive.google.com/file/d/1P7gB7USCCfMZbLZwjKlwLOWsPLk4CMaB/view;https://drive.google.com/file/d/1--s6pIkXCpYFs_nGaXafVsqPCoAq8FNT/view;https://drive.google.com/file/d/1cZaRxLSnWKm0rnjjg2iXq0bXUwR9eptG/view;https://drive.google.com/file/d/1QAFHO_GwRJ5iob3GWF1HZ-ygRetJ2cxh/view;https://drive.google.com/file/d/1QhGYG7NNw46wx_B-uy5QJrMDe70auCw3/view;https://drive.google.com/file/d/1gbNla2Iteaq2ubxNbG2YHDzpPvtpZ1xM/view;https://drive.google.com/file/d/1thDLT-q_rk5K9-034MUvdDOJAV5LMlAP/view;https://drive.google.com/file/d/1DGBHL_TzjI65LKTj4CoW0mDWzT8zdC3j/view;https://drive.google.com/file/d/1c5pxQOR2Glz2WeWj_0PCGdfUcczZ4xW5/view;https://drive.google.com/file/d/1wrHEdxgFtJFKAuG9lZGC7etzUoGXenNB/view;https://drive.google.com/file/d/1-Dk-X-eVC2oZLOXjVYeFL1FYFHVkX5M4/view;https://drive.google.com/file/d/1CzskR3gxCJ8rc7GHSlcP43KZ6E_Pr6eV/view;https://drive.google.com/file/d/1l2WsL6Wx9JBHNZbE3N7LjVDZrQ9QntJl/view;https://drive.google.com/file/d/1KPMZb5yXflpRr0Uw93peZ-yqo8BhJiq3/view;https://drive.google.com/file/d/1hZjKY5acI7rxRS7YWUKsePASYTPvD3ve/view;https://drive.google.com/file/d/1VA8Noy2czXB0nHGC8sZBX1n81IlCoNy2/view;https://drive.google.com/file/d/1xTKOxfyVJTL6XIlBpPbMqpk8Ah9eRKl3/view;https://drive.google.com/file/d/1blscCF4hHMWTdoCUwiCkDcTlKcBnRxkv/view;https://drive.google.com/file/d/1W4ucT0p4PjL8prpbFNXkOzyYQwlK3LRX/view;https://drive.google.com/file/d/1_nkO8e1Lu_Ya4lrqRMjNhJ1pNnosXjF0/view;https://drive.google.com/file/d/1KSPOn9o2kas1RMDXydId_CR_s5sxH3i-/view;https://drive.google.com/file/d/1Nt20LT_FeIRpvXZUXrLs7bYff-q2xcpl/view;https://drive.google.com/file/d/1Eqwp--dvgTO89ZL-SsjgtjIr6TyU_nBo/view;https://drive.google.com/file/d/1232OCVUpmvP3Hed9l8gzLPHYqCZOqL6m/view;https://drive.google.com/file/d/10Huvfj0suaDg-uFxAnxR0QQrFylCxBTf/view;https://drive.google.com/file/d/1Z4Tps1592f46FaS_c0gHSTvr1NP9o5R6/view;https://drive.google.com/file/d/1p12Gr9nxAjOtbDND3xVCVZExIbbnVLaO/view;https://drive.google.com/file/d/1BFqH08Friqr7kbJ-UMSbGwbQ4H2LbBml/view;https://drive.google.com/file/d/1J9VjyFf_tXvsFJ3Hu1uIw-AUbr0s4Pqq/view;https://drive.google.com/file/d/1KCdx2SZzX1ux2VTKkkTxGMif3-XXWbWK/view;https://drive.google.com/file/d/1IY6QIHXsIX02RuNw1HPn8p69tY9_9zaI/view;https://drive.google.com/file/d/1egkTy6f_aor9KIChnWm5QXlfbeNlyE-V/view;https://drive.google.com/file/d/15nYlt31zwyJ8FTKsLGuNajosRMdwPRSW/view;https://drive.google.com/file/d/1w74IkMZnfgRRmmax76ji_9TQHt2Udw6Q/view;https://drive.google.com/file/d/1R4sqzQS8Bs4qzrwnrt5YuaNqir33NgPd/view;https://drive.google.com/file/d/1S18lna_kwA4rZIdlmMbY0DIuHXswJnJO/view;https://drive.google.com/file/d/1J5XClbyXDguhhr_oU2bHbEOS9z7Iacv_/view;https://drive.google.com/file/d/1rrrz99-Klx8IMrgFTJvfeqR1sP4epkcC/view;https://drive.google.com/file/d/1c2Z-8X6jfu8_tITjQK3gAj5ZDpeFeKfv/view;https://drive.google.com/file/d/127zBgmq7bkgI98-YqnMCzvNE-GJlPhXk/view;https://drive.google.com/file/d/1_pDbt4Ni46db6RGYFTaXAUYfxdf1GBHV/view;https://drive.google.com/file/d/1CGwhoxX7p4B7u1E_mU-EmohYXOrKI-rT/view,,4.069594
NC_UT_RampIntake_Straightline_20260813,post_NC_UT_RampIntake_Straightline_20260813.zip,UT,STRAIGHTLINE,isolated,20260813,NC,FW_DF=-80.141476N;RW_DF=-81.901163N;UT_DF=-87.662142N;Total_DF=-229.012617N;Total_Aero_DF=-238.76605N;Total_Drag=88.778033N;CoP_Meters=0.768135m;Body_DF=6.588441N;CoP=48.770446;Whisker_DF=4.270501N;Wheel_DF=9.790382N;Radiator_MFR=0.268083kg/s;Inlet_MFA=53.79155Pa;Outlet_MFA=33.402026Pa;Pressure_Drop=20.389525;Cell Count=40915316.0,-229.012617,-238.76605,6.588441,-80.141476,-81.901163,-87.662142,9.790382,,,,,,,,88.778033,,,,,,,,,,,,,,,,,,,48.770446,0.768135,,,0.268083,53.79155,33.402026,20.389525,40915316.0,,,,,https://drive.google.com/file/d/1Qs_7DZPyjuhdVrV3BFYBxqTSwIaQBput/view;https://drive.google.com/file/d/1KhZTFG26hd_ZnMDsWthf35LJb9d48R4h/view;https://drive.google.com/file/d/1_S4eFNQGJNZKbamo9tKqeTZPMMt-EFa4/view;https://drive.google.com/file/d/1b9SscXdo2GZOGQv8oMeq3EjA_qDJeCfX/view;https://drive.google.com/file/d/1CSX2E_ekMOe1Wa0pnwIpOV3b3OdtKrwH/view;https://drive.google.com/file/d/1d3LCbimHl8En1N2DZTpyHq5_xFNszUOS/view;https://drive.google.com/file/d/1-0RAGzCsjnCAlDZrCVaAcrqlXFgKFFVq/view;https://drive.google.com/file/d/1-GlfjC4Du6eichMxhESfqDFTLdDs5JpJ/view;https://drive.google.com/file/d/1j40_8SbkWXs4kPQNoK0jIOHPbkwY_iiB/view;https://drive.google.com/file/d/1mJC_1Ch1MbvhtsU4dn0n7mHA9oFpth-4/view;https://drive.google.com/file/d/1UhAOwjB8scfARyv3t6cDUV3tjzx9fUk1/view;https://drive.google.com/file/d/1w4sfBirdvf5_4ldSE_zwfF9WlqjJydQP/view;https://drive.google.com/file/d/1eymiglwk66FpKCYTNCY2Jf2Oj6ExBLx4/view;https://drive.google.com/file/d/1Dk3Mfi-FvszKFsLWEqg75qprtDasveSf/view;https://drive.google.com/file/d/1W_jvKlFMTBNu0TNE5TeRbQKWJNe4eROU/view;https://drive.google.com/file/d/1MuUjeCa7MEz4If5GNLU4qzhy_voveRh1/view;https://drive.google.com/file/d/1wk-VG9Jw1G9WEhXpkhHpRPG3nH92VCow/view;https://drive.google.com/file/d/1csAUSwkJvYInnJqbX0s9YR2gPwT8caND/view;https://drive.google.com/file/d/1Wpwyz_WhW6LyoM-mJq3fuaqa_2d1nCDq/view;https://drive.google.com/file/d/19IgTsh8UJhyjIGZsRpsHHnIc7CmIMfF4/view;https://drive.google.com/file/d/1Vo90uQFtC1FVKUOK1_Ha_X0atTMnch5a/view;https://drive.google.com/file/d/1sEA7prQjvmPK1Lvd5A2mGxaThBTNz8ax/view;https://drive.google.com/file/d/18so8Nr8SzPeRcSNXCkCTMIlJ84W_azz4/view;https://drive.google.com/file/d/19SenklRErzPNamMsVDT6slhw4KFselr4/view;https://drive.google.com/file/d/1__sB4F4m_ZDaHlAn9fn8cq7Z6N8_jI9m/view;https://drive.google.com/file/d/1_NbBgbYg3c4AQYTzZbGc3NXRBFmkJ-mx/view;https://drive.google.com/file/d/1Rif66jlJFAEYj2meAU1L_R9_FVS5EWx5/view;https://drive.google.com/file/d/1KoJWOH48AUXnyyHZ8mGsfg4ZGiAcLMzI/view;https://drive.google.com/file/d/1S-H95T2PoO1DPFgyNCJnhOCQ7_2qv4Na/view;https://drive.google.com/file/d/1jjDixuM3FIvIxanXhr_w1mfaBtuL9eHw/view;https://drive.google.com/file/d/1shSMNVIgZSvgF6OxwFZmBww4xdM9sZHB/view;https://drive.google.com/file/d/1uP7Zl_vLtvqm6lyOCP5CmBjQFSTrP3hR/view;https://drive.google.com/file/d/1yfm_MkWcmOJKj4c8AGm1yVzVQkrtyMOb/view;https://drive.google.com/file/d/1mLJvhVPkoBDKgJQIYk5VIJajFV1Vs_SR/view;https://drive.google.com/file/d/1K8U31V4SIFwWHkDEM-ozgjOe3sowprGj/view;https://drive.google.com/file/d/1yACIIsTcemhDS5A8zFHGebN6CtaFmjQL/view;https://drive.google.com/file/d/1G1W1mGi6gYfeXPih3xk7b33ojDIB7rOo/view;https://drive.google.com/file/d/1wFetmSAyZDT8k9daYb15aG9sQ41VKKul/view;https://drive.google.com/file/d/17B0lRLeyQwwLvcCxuyFbqkFmujSofJKh/view;https://drive.google.com/file/d/1ub9KcXCYcXh_VoyiZyOVTH5rpoGbhDJD/view;https://drive.google.com/file/d/1kvb1nrLcM88Pmk7y5OLRn_koFwtG_Nd8/view;https://drive.google.com/file/d/1z-vSNuEk7mLLIncjeTByEZ9c5hobVhEZ/view;https://drive.google.com/file/d/1zReA1pbNgksudfqcY6ubWg8Rw4_fhozI/view;https://drive.google.com/file/d/1xqSN9DCpfA6KfODBE3pRGYoB6FzhJvHa/view;https://drive.google.com/file/d/17OJaZyNJ40FTaErXGXnEjScoz_DrKBRa/view;https://drive.google.com/file/d/1lR4Nw6foLs3lZuj6g1W8FJYRgvdWn7CC/view;https://drive.google.com/file/d/1ky_V318jqSJbt6rdWMdqBts_KJW1pT6_/view;https://drive.google.com/file/d/1Tp_GQIuw2f64K1QtMmrXvX3_OxFSDShW/view;https://drive.google.com/file/d/1BMCkoczOW3Kc5JFf3pyGhjO94pI_GN8b/view;https://drive.google.com/file/d/1B9XdbNvhdNCkVqCHmYdoXY8Ri9OU4Vgi/view;https://drive.google.com/file/d/17D5_BvQkFYQZ0JyR4rmLkGTo_H6D3dLx/view;https://drive.google.com/file/d/10BrfnH_xqvWwMLdklmWLlLTU7cUhpI7h/view,,4.270501
NC_UT_SmoothInlet_Straightline_20260806,post_NC_UT_SmoothInlet_Straightline_20260806.zip,UT,STRAIGHTLINE,isolated,20260806,NC,FW_DF=-80.723163N;RW_DF=-83.318865N;UT_DF=-87.560417N;Total_DF=-230.983003N;Total_Aero_DF=-241.300016N;Total_Drag=90.005263N;CoP_Meters=0.763766m;Body_DF=6.099549N;CoP=48.493086;Whisker_DF=4.215477N;Wheel_DF=9.894109N;Radiator_MFR=0.285038kg/s;Inlet_MFA=61.316129Pa;Outlet_MFA=39.481825Pa;Pressure_Drop=21.834305;Cell Count=40572222.0,-230.983003,-241.300016,6.099549,-80.723163,-83.318865,-87.560417,9.894109,,,,,,,,90.005263,,,,,,,,,,,,,,,,,,,48.493086,0.763766,,,0.285038,61.316129,39.481825,21.834305,40572222.0,,,,,https://drive.google.com/file/d/1WD8WLk1MP96uYJorlMcUEUc1Tytzw_Ls/view;https://drive.google.com/file/d/1NA0Po9_ilRh3u_vdHfiXjBSupO5lQTvs/view;https://drive.google.com/file/d/1gJuRPupSxkkoS0pO82u44_6ccw-bhddu/view;https://drive.google.com/file/d/1NErdYYdDCKoppnrHna2IfsIXLX5TTmOZ/view;https://drive.google.com/file/d/18u1diFTXzggxG9othmie-wNOXIaLG2Gf/view;https://drive.google.com/file/d/1ffrXT6czJLe11jcjsNL2NSujP7yvMQdT/view;https://drive.google.com/file/d/12UHNHyuNflWyO82igJjRJyJ47CPoyluL/view;https://drive.google.com/file/d/1DG8wJJooz9yv1yJxqEGKNSqvUXNN0lB4/view;https://drive.google.com/file/d/1Z3rgqCkQySRTmyjS0JXbyjW-vH1L3l_s/view;https://drive.google.com/file/d/1iuzAQjAW0M2zeLtobV8LvkjYj-ChgdmA/view;https://drive.google.com/file/d/1ZTgSXgs35FSs3gbGaIAiFjBP4cjyK0Ts/view;https://drive.google.com/file/d/1SagO46yiATYyxzsbkIfoIlmG7p4Hq9_V/view;https://drive.google.com/file/d/1c0AikIU4IB5uIBUNsCb48WxMwm1OejEC/view;https://drive.google.com/file/d/1M23LGRLvezbeKSjLK2olSSjgpC2jnyzw/view;https://drive.google.com/file/d/1V68AZy3M26WvXzYHoHhcP62FvbidQvmQ/view;https://drive.google.com/file/d/1u3HPWg81Fu4EU8R02y0OIJ_rYErBAS9z/view;https://drive.google.com/file/d/1GiP2acDL2LJL_rU9aVeVpfE0t1gCPu5I/view;https://drive.google.com/file/d/1S5vz9DGlZwW7igOSDye0T3LM2F-0twco/view;https://drive.google.com/file/d/1DwBA2T73BFKsFkN72FRKV4n9-EXoQUFA/view;https://drive.google.com/file/d/15eCbk1lSZ1pUY9hqIV83-LZxeBtE6Qok/view;https://drive.google.com/file/d/1-QAxVKyowLB9GvFH1AZMRugJH3L9uLIa/view;https://drive.google.com/file/d/1FSXO9PnM8Vo5CpAsHw7ITtBPQFasp6sg/view;https://drive.google.com/file/d/1GZZo7GUZnKiCJAtFELi_427p43_vFIqA/view;https://drive.google.com/file/d/1MkPWuJ4JHD3PBTYlyRjRMzcUZExPbmHg/view;https://drive.google.com/file/d/1jCC9Wt_6pvZCWQ4c7lXV8N3796RVa4fF/view;https://drive.google.com/file/d/1Gq86VqtDVP29uc4dMNHmavTHCMknqrSS/view;https://drive.google.com/file/d/1EZByFwKR6SwyRm46-ZazyiW0ibHAlRre/view;https://drive.google.com/file/d/1_KWMXuGMMnDgsMnJbrxD9Y-AVTYZ2X7x/view;https://drive.google.com/file/d/1ZxVJ50ysnJPTYO6x-162cqHkiqqHvF30/view;https://drive.google.com/file/d/16afjEVogLwWPTExgzc8HoBLOFgTaUKb8/view;https://drive.google.com/file/d/1DMQ3fZH49NYEgFHm3RO43_AlMTN99pVy/view;https://drive.google.com/file/d/1HEE8Cg7Yqzi9kuU1DLZ_EJhSCdrwkPsv/view;https://drive.google.com/file/d/1TclzO0_WwVzjETDMFHF4HnrGM2Jgl8s8/view;https://drive.google.com/file/d/17Db1Fn7uVRKYgXajmNuf15JYdYta18Ev/view;https://drive.google.com/file/d/1CZ7yVu0HCy8w9CFTuuy_jwNs2CSFJ1rm/view;https://drive.google.com/file/d/1Vc4AQzVGAvSsQEFW_gafZhF4zpaNRUQ2/view;https://drive.google.com/file/d/1TLw7ySftGJtVgNyD2-Atcvg19GrGiyOi/view;https://drive.google.com/file/d/1f0_OcXVSKvPlyOE0aSC6k2RbS3_cBIfm/view;https://drive.google.com/file/d/1RXugqIhiS_GnnmRIF4iqwhoUW6F_ASpe/view;https://drive.google.com/file/d/1pXIJFCFiRNGktvELp-yx06a94-n7o8lG/view;https://drive.google.com/file/d/1tCZLvTCoWt8Re5RN0KIO3HPae15BseEY/view;https://drive.google.com/file/d/1GmqxJOoXtC9GOy_3P1Y7whM6uY3xKpmk/view;https://drive.google.com/file/d/1YeckxOukBhBW6PaurbzmrHPevDG-ymH5/view;https://drive.google.com/file/d/1lq-Bf1VUVLRINIsOpRL-YhpUebiyG9zJ/view;https://drive.google.com/file/d/1oXfa_jRVe86-FlQCu-yq11yK8mNHBzZx/view;https://drive.google.com/file/d/1NRKMnYpcwrOUqm_BIMGoEhtojQkPL1b8/view;https://drive.google.com/file/d/1xO7lhzrmSSJ4sDECcj4MqsSMDnMirpeV/view;https://drive.google.com/file/d/1VJWIGM3MvvWI_20KKOype2YfDI8rjvRx/view;https://drive.google.com/file/d/1sv0UjjB79edyzj6thEHpp8sNmMF0dKo6/view;https://drive.google.com/file/d/1Ube96uABnaC-l3uCtEj38ZYI6fnfX443/view;https://drive.google.com/file/d/1fYFJDAsC1wUpaBqGdOuy2NBp5hYKMixM/view;https://drive.google.com/file/d/16zfHg4ktdMIFqdtR2NBEs0n9VUb49XDN/view,,4.215477
YL_UT_RWv9UTRaised_Straight_20261001,post_YL_UT_RWv9UTRaised_Straight_20261001.zip,UT,STRAIGHTLINE,isolated,20261001,YL,Full Car CoP=50.117349;Radiator MF Rate=0.289064kg/s;Inlet MF Averaged Pressure=63.926355Pa;Outlet MF Averaged Pressure=45.293321Pa;Pressure Drop=18.633033;Cell Count=43491010.0;ClA=-1.767723;CdA=0.72145;RW DF=-89.773517N;UT DF=-68.807051N;FW DF=-87.468589N;Body DF=-11.757448N;Wheel DF=10.112539N;Whisker DF=4.033454N;Full Car DF=-243.614338N;Radiator DF=0.314896N;Body Drag=25.200073N;Full Car Drag=99.424836N;FW Drag=8.615851N;RW Drag=41.066391N;UT Drag=12.106081N;Wheel Drag=12.198446N;Whisker Drag=-0.519157N;Radiator Drag=1.161792N;EL4 DF=-59.885533N;EL5 DF=-14.431671N;EL6 DF=-4.246397N;EL7 DF=-10.492096N;EL8 DF=0.0N;Endplate DF=-0.373633N;Swan Neck DF=-0.024939N;Carbon Rod DF=-0.024939N;Carbon Rod Drag=0.113741N;EL4 Drag=11.878761N;EL5 Drag=15.184482N;EL6 Drag=9.381282N;EL7 Drag=0.815298N;EL8 Drag=0.0N;Endplate Drag=2.417533N;Swan Neck Drag=0.113741N,-243.614338,,-11.757448,-87.468589,-89.773517,-68.807051,10.112539,-0.373633,-0.024939,-0.024939,-59.885533,-14.431671,-4.246397,-10.492096,99.424836,25.200073,8.615851,41.066391,12.106081,12.198446,2.417533,0.113741,0.113741,11.878761,15.184482,9.381282,0.815298,,,,,-1.767723,0.72145,50.117349,,,,0.289064,63.926355,45.293321,18.633033,43491010.0,,,,,https://drive.google.com/file/d/1TnsXrB7WtjXcdi-aFSklv-2i9T4Nz5TY/view;https://drive.google.com/file/d/1gD7VYswEVEY4zef01XhQyvU0StiOgLD3/view;https://drive.google.com/file/d/1rkg_vR5cFuQwfnvTVc5TWeXnXzqSL6lr/view;https://drive.google.com/file/d/1zt7dSdLFrOPTsNqwCmxEay3EIJCsYd67/view;https://drive.google.com/file/d/19Wzz_iRGrJCxkLq6Qg50gdPFnbYZdjnt/view;https://drive.google.com/file/d/1wAkiuPvvBjczJigAI1eYjPxtEEJdJV5C/view;https://drive.google.com/file/d/1d8wAdj0fD2PFy43xxYrLBumc8OEvNrRd/view;https://drive.google.com/file/d/1-l5YTFATBKTMLwZ_7LtYrzEFJdytBpjF/view;https://drive.google.com/file/d/1u0odses8fAq_mrRl_SHc83cURlHyBom8/view;https://drive.google.com/file/d/1BSIeTmE2KVknbtOIAr4Z4Ts2ylgnaatQ/view;https://drive.google.com/file/d/1hIzbyhyd1-go1y-5yhAjHmMv4andWLC_/view;https://drive.google.com/file/d/1mEUKc6UNrPFE-2tM7d975AQ9HMiPI6Y3/view;https://drive.google.com/file/d/1KHew0ilGyeW6vONxiACFzQ61mkmsAPcz/view;https://drive.google.com/file/d/11s-tWFSNANLid0OWMlnd6wJD6ILEPI0P/view;https://drive.google.com/file/d/19vGqtSaJET8VCzqf7jsPKjcHX4hmKC3J/view;https://drive.google.com/file/d/1QkRCRXb9mNhyuN7NXpIIjrAu0Cabga31/view;https://drive.google.com/file/d/1t4j8xdKZnPo6DtmaaWQTofxIPNEguur_/view;https://drive.google.com/file/d/1ZUh4t_YN270HTwDZffSrrcIWPGRvGkv-/view;https://drive.google.com/file/d/17B-dpHqWjnG4aswzPye_40s3s1BvPJzg/view;https://drive.google.com/file/d/1tCfSyQSzB-AoEiWxdoOi9K512BQe9O1R/view;https://drive.google.com/file/d/1RHM9MAfzgzxnaL0CCohttxmvX8P1hRY4/view;https://drive.google.com/file/d/1cZm5imBNHJ70h4q5IE1F1qIfA3-U0rrE/view;https://drive.google.com/file/d/19Rdh4vi3VHv1SyS6QtTviTjP4s-AUUhM/view;https://drive.google.com/file/d/14JUOmbFXmzRTcWbnQBtASN9ehIBxhS9q/view;https://drive.google.com/file/d/1smf_EedmAmrxSSxzdKuUDvvKfFx6S4Qv/view;https://drive.google.com/file/d/1j1hncuEBmCXwKe4nePD2t7Jo5o8UG9ik/view;https://drive.google.com/file/d/1a-cjgSh0ro_R0LEcKuJQN64X4-F4AmlW/view;https://drive.google.com/file/d/1DiZr_QjW8FHrKQfn5K6mb5dWDV4ivegr/view;https://drive.google.com/file/d/1V-VCDoWX-jd7HbA8k1NPY2JayuKgcEIK/view;https://drive.google.com/file/d/1I2zBFWpMHHhzuBpVVdJP7MwHDehwyJRC/view;https://drive.google.com/file/d/1Bd72eQwWFwvKFZp20q-lzLfudJBgQgPO/view;https://drive.google.com/file/d/1-3Scu8S4oy1OOvJjMZE1e-780CVx2Vhi/view;https://drive.google.com/file/d/1N5x3DSHdQodbekOKfxOveZJGJh7h9drA/view;https://drive.google.com/file/d/1ME13P4PQR2PW76FmGs9Dv1MeIUyYJLfm/view;https://drive.google.com/file/d/1lswGI2VukO7sbOjvnGdvRGaYHi0oYmpb/view;https://drive.google.com/file/d/1hi-I_VswAId5H_mbZiZxO4RWIznJEhnO/view;https://drive.google.com/file/d/1WD7CDMuXy4q2KV1XPJK1EjrvliuT-UcH/view;https://drive.google.com/file/d/14zJas_GEenl9N9t0zebEAsSUY-1YYStx/view;https://drive.google.com/file/d/1jhf5PtNXOOkvGWK9fzwbw-iIOy9qCI8G/view;https://drive.google.com/file/d/1SKxdbTws0spzV6BxzeBzgwkXM-kG6Bj9/view;https://drive.google.com/file/d/1jc6ybKTI9wD6luq6L2xOlHFEY2TrmWj5/view;https://drive.google.com/file/d/1LzwtxYgy8wLsQN2-2seSXwucJa8Bmxs_/view;https://drive.google.com/file/d/1GhcO12MFRHl24ZqzibvhKZ1NrEvzc8kd/view;https://drive.google.com/file/d/1vrp2y3YOjpue_49QaBiJEhh-GLFI_9n3/view;https://drive.google.com/file/d/1qhNcUpVAMrPgNxoEw7oKNs3FhF2x9I8M/view;https://drive.google.com/file/d/1U3se-AoHJ3GcFPFmYOmbXnZ7BxqbXjki/view;https://drive.google.com/file/d/17cvJRSWdtRdBlj39-tPlvXaNN_1M18gf/view;https://drive.google.com/file/d/17AHlZOCUGmRJqRpCqhTNFE4FB11O38Ow/view;https://drive.google.com/file/d/1a36F00rWWThQiKG83Vd8x7Yy5dYCTfYq/view;https://drive.google.com/file/d/1Z99EUInUwqZ5Xzu9xxWvXh5ZfBl6mZhs/view;https://drive.google.com/file/d/1XBVTbMHShpmle1B-yCwV3BBES1ISLfr2/view;https://drive.google.com/file/d/1ntZh1c34buQMKruEaiJk9nC76uZTFPOU/view,,4.033454
DY_RW_v4mainplane560mm_Straight_20260824,post_DY_RW_v4mainplane560mm_Straight_20260824.zip,RW,STRAIGHTLINE,isolated,20260824,DY,Full Car CoP=50.206316;Radiator MF Rate=0.295069kg/s;Inlet MF Averaged Pressure=61.003296Pa;Outlet MF Averaged Pressure=40.209519Pa;Pressure Drop=20.793777;Cell Count=38994893.0;ClA=-1.809562;CdA=0.721479;RW DF=-88.196346N;UT DF=-97.828391N;FW DF=-85.611948N;Body DF=7.814774N;Wheel DF=10.337807N;Whisker DF=4.059006N;Full Car DF=-249.38028N;Radiator DF=0.297829N;Body Drag=24.588823N;Full Car Drag=99.428866N;FW Drag=8.524443N;RW Drag=43.586636N;UT Drag=11.620846N;Wheel Drag=10.808098N;Whisker Drag=-0.529071N;Radiator Drag=1.258433N;EL4 DF=-56.620137N;EL5 DF=-13.79764N;EL6 DF=-4.047782N;EL7 DF=-11.318065N;EL8 DF=-2.299453N;Endplate DF=0.079603N;Swan Neck DF=0.014249N;Carbon Rod DF=0.014249N;Carbon Rod Drag=0.124737N;EL4 Drag=12.496522N;EL5 Drag=15.125928N;EL6 Drag=9.521284N;EL7 Drag=0.339104N;EL8 Drag=1.137731N;Endplate Drag=3.83113N;Swan Neck Drag=0.124737N,-249.38028,,7.814774,-85.611948,-88.196346,-97.828391,10.337807,0.079603,0.014249,0.014249,-56.620137,-13.79764,-4.047782,-11.318065,99.428866,24.588823,8.524443,43.586636,11.620846,10.808098,3.83113,0.124737,0.124737,12.496522,15.125928,9.521284,0.339104,,,,,-1.809562,0.721479,50.206316,,,,0.295069,61.003296,40.209519,20.793777,38994893.0,,,,,https://drive.google.com/file/d/149lGcVIauetnGYCaxRW9D1pwKI5cVk5x/view;https://drive.google.com/file/d/1zGYHXUcR5JSA0DjV8SbiyemN2G6j5sDA/view;https://drive.google.com/file/d/16HMumockDrjDcFc29DwHpjt7EEpvm2ai/view;https://drive.google.com/file/d/1K_v6QKTPPPYasKSINsCwH48ELi3SnVW6/view;https://drive.google.com/file/d/17xZFPqShT32UdvsEB52DJRxep2R-VF_X/view;https://drive.google.com/file/d/1ncf_VtXV1-WXGloHy0-thSjTjftJm791/view;https://drive.google.com/file/d/11_5bUvu_MHbKD5zfQ-ABGyWAayDIDg_j/view;https://drive.google.com/file/d/1uo-x0NefcIL-OXjAZqOgyPQ3BuIdeh0W/view;https://drive.google.com/file/d/1eEYJVphCJZBaFez0BrFKYv6818VeRogu/view;https://drive.google.com/file/d/1Qyjl3tbE8OSDqKW8xCyJiTGXUL1eFH25/view;https://drive.google.com/file/d/1v8_Voi1RQfNgAEVl02bIB8qSno6Z7-wL/view;https://drive.google.com/file/d/1J9STjVd-PgPlwZvwxtOckNuCHiZF2AYz/view;https://drive.google.com/file/d/1R_soz_MvaOHcx3dSeB-P-GHl9XYXVinM/view;https://drive.google.com/file/d/1JLlMGZ5fahYF9V8907uVx58dpr5GYZCU/view;https://drive.google.com/file/d/1JTryCmmLQnMSVoeW6p6n77bpI9ReHdZr/view;https://drive.google.com/file/d/1ZGwiLbYJoRZgY6L7vVb5qMWhQBaGYdBz/view;https://drive.google.com/file/d/1CslV_3nvvEXRiYbXh7QUdYL8cN2xsU9u/view;https://drive.google.com/file/d/1mlScAZnLMm3Gk6y1clThgtrRK0VTOWA6/view;https://drive.google.com/file/d/1bfjKaRlzfhiaT85fDK4WIeWgospm1eGc/view;https://drive.google.com/file/d/1F_nlu3IyXpq5QQ2KsdCfCjIcNgwlfOu2/view;https://drive.google.com/file/d/1CiZY07YrvlXWIXeWK8oc9ddLb2kIQpcA/view;https://drive.google.com/file/d/18b3ZygmV1MWmO61ph2R9T4anjtQd2muh/view;https://drive.google.com/file/d/1X6GGdQXiQJd2xNtjG_N-gvOAzmRhzVcJ/view;https://drive.google.com/file/d/1m7Jz2hFo31FKGI9PVWh-KBJWtfcWnPBF/view;https://drive.google.com/file/d/1y8HxoKjnVXRAK__DWX8OMU_Yr_delTmY/view;https://drive.google.com/file/d/1cFq0BdW-I-q9ks5ANqyTbDDfW2EiOuvQ/view;https://drive.google.com/file/d/1XuJM3DAD2TDFILtCDsqzVKJ-8-KYij3y/view;https://drive.google.com/file/d/1zV1wwAu2ItBl5Ej-YdsFpfwTBdPQNbXs/view;https://drive.google.com/file/d/1Cm2jP0vp4u47k3xN-OPmpdpoVEnG8crO/view;https://drive.google.com/file/d/1h33UK_5ClMUSESGq9KOZ74HTCbVwu4Oz/view;https://drive.google.com/file/d/1V30ETBsFeJtwbNj0y5aPmBQGoUWN4LFd/view;https://drive.google.com/file/d/1sE4vzV9_VwTKJmfH7ffkbFChzs4V3Rj8/view;https://drive.google.com/file/d/1tnJ6tku4c1n_SvzDbHPbhoaZ2fteWCRR/view;https://drive.google.com/file/d/1puYbPq9uyqEzYjOm9oj3vcOn7vOsGi4n/view;https://drive.google.com/file/d/1YE9h0mYAcJ9F__fNQJ2EiLtPb9kAEBYK/view;https://drive.google.com/file/d/1KDohR8XWUX6ZErKeV9DaXGzoGoBSSBh9/view,,4.059006
DY_RW_v6singleBiplane_Straight_20260825,post_DY_RW_v6singleBiplane_Straight_20260825.zip,RW,STRAIGHTLINE,isolated,20260825,DY,Full Car CoP=50.343937;Radiator MF Rate=0.301021kg/s;Inlet MF Averaged Pressure=63.743013Pa;Outlet MF Averaged Pressure=42.743019Pa;Pressure Drop=20.999994;Cell Count=38790593.0;ClA=-1.835702;CdA=0.712261;RW DF=-88.890698N;UT DF=-99.757235N;FW DF=-85.876593N;Body DF=8.299255N;Wheel DF=9.208175N;Whisker DF=4.020613N;Full Car DF=-252.982685N;Radiator DF=0.268384N;Body Drag=24.790488N;Full Car Drag=98.158511N;FW Drag=8.517N;RW Drag=42.582267N;UT Drag=11.771734N;Wheel Drag=10.171958N;Whisker Drag=-0.518958N;Radiator Drag=1.290001N;EL4 DF=-63.258899N;EL5 DF=-14.392109N;EL6 DF=-4.019094N;EL7 DF=-7.041415N;Endplate DF=0.053226N;Swan Neck DF=-0.024306N;Carbon Rod DF=-0.208101N;Carbon Rod Drag=1.097877N;EL4 Drag=12.217796N;EL5 Drag=15.574406N;EL6 Drag=9.403267N;EL7 Drag=0.386196N;Endplate Drag=3.796908N;Swan Neck Drag=0.105818N,-252.982685,,8.299255,-85.876593,-88.890698,-99.757235,9.208175,0.053226,-0.024306,-0.208101,-63.258899,-14.392109,-4.019094,-7.041415,98.158511,24.790488,8.517,42.582267,11.771734,10.171958,3.796908,0.105818,1.097877,12.217796,15.574406,9.403267,0.386196,,,,,-1.835702,0.712261,50.343937,,,,0.301021,63.743013,42.743019,20.999994,38790593.0,,,,,https://drive.google.com/file/d/1z-iBFSarLyD-Lh_hKoQCwizfEpQI-DGe/view;https://drive.google.com/file/d/1BTml4dpuSNsz3mf_L4Jm6LqLjaYeJ3jd/view;https://drive.google.com/file/d/1s5lRPFZe_0R2Mp3tXzf7H11K9U3cPAdX/view;https://drive.google.com/file/d/1jzmdo4zeVooF5Lbj1n7aX17DyejGRUeD/view;https://drive.google.com/file/d/1Y14Hp_3v55pBqTUl1HKFVk-HaDzMdzA9/view;https://drive.google.com/file/d/18Nyd2P18vGZRREJWAphtg-8PiMb_dfMn/view;https://drive.google.com/file/d/1T08mbuAT6e-dziMIlggWPazJ9r14VDOu/view;https://drive.google.com/file/d/1tRUo9yAUYDkwg-HyujNoZMfHQ1Rfdk7K/view;https://drive.google.com/file/d/1eTMiuBJHogKO9aUtNfwyIKumdMXHJMzp/view;https://drive.google.com/file/d/1FnTukrpxqmK5W79JUJcvMNKswFP6cSHA/view;https://drive.google.com/file/d/1J_BysMq9m4HBnf4gQFzbsFBtj2dq2Oxg/view;https://drive.google.com/file/d/1YWWBn3OazGZHPsml_tBLJ4Y7XRgqNvLG/view;https://drive.google.com/file/d/1l2eLD0XxnmBkXDc2VduDdUFlhgff5rMg/view;https://drive.google.com/file/d/1jtpe-PLrn8_FZQUoeda4ZK9iYqYplvNI/view;https://drive.google.com/file/d/1sOaDpx3GC46rywEQtESDp8nmIyi_VoMp/view;https://drive.google.com/file/d/1NuYrOxvpEvaIZ_X7sUrNhK6Si8rBLbEP/view;https://drive.google.com/file/d/15Yd6kdJxBRhkioFd_JErJMjHQ6XD0H6c/view;https://drive.google.com/file/d/1Os_Ku3rWyjQSncGzsnMnmhAsFYpqSr6_/view;https://drive.google.com/file/d/1d5kS12nqeXaB9vovHWr4WqObud3t1hK2/view;https://drive.google.com/file/d/1Gf4Liyf-dx_7k19jO2Eahjp5n4pLqDWy/view;https://drive.google.com/file/d/11ivRaZTxwcZlJD6yiP33EdhXgQJmvzzu/view;https://drive.google.com/file/d/1BZac4WlCiyLllY9SHI8CkUGJvsluHIU7/view;https://drive.google.com/file/d/16pyEOWKe6cXI1uRmolge6Yry-md_5bDp/view;https://drive.google.com/file/d/1ZxULZv9DF10DVcusEmqeLcItTqe67pnU/view;https://drive.google.com/file/d/1iGbFi4AiiK637Ii_kQXUr3UjJ5yfikuu/view;https://drive.google.com/file/d/1qqkOnbJDA-595TQQLyUnZakzQg_2Xa8Z/view;https://drive.google.com/file/d/1idEiDWea6JMXtl1qmH5ffNsW5Np57Q2o/view;https://drive.google.com/file/d/1pl9BkemUBNZAb5XMN8iBfwNQflq4ku_t/view;https://drive.google.com/file/d/1TDg31pwIdte9PE6s_kXiMBrrQx3EML52/view;https://drive.google.com/file/d/1dTDcArUl_NGmBOHqEqQBiZqsLzxbwvLt/view;https://drive.google.com/file/d/1JB7FnHZ4YuYCgDvSXEE0xXqMseWBdV6P/view;https://drive.google.com/file/d/1-rbIE1qF7IO3Q4_MorU28468Ohxp6rW_/view;https://drive.google.com/file/d/1Rb3N2hgo_TZWKq2K2ejnkuYycdnhEg-n/view;https://drive.google.com/file/d/1wxkCAy4vacVYo7_eUuC4KseW3gSeRN7p/view;https://drive.google.com/file/d/1LN_OmYUUi9GSBYB-gr6NVF6aI7LGMI9v/view;https://drive.google.com/file/d/1UJhF5E4bZ3GxPgBQLRH17d1op2LeDBjj/view;https://drive.google.com/file/d/1C-DpQgkVbAdBfLNkdEqhLrQesLbIwYgt/view;https://drive.google.com/file/d/17dndIpvzy_JvNQguFqo4Hjx7MaK_yi4r/view;https://drive.google.com/file/d/1LqhAzMD4dGW9AUpZD6CV5RBoXrytwAbW/view;https://drive.google.com/file/d/1JK8Ea1Wh5FCb2GtKIaJYlrt5grVIIUSZ/view;https://drive.google.com/file/d/1si2wn5kE_HOUxVap6cENiEyTm9a0R0tM/view;https://drive.google.com/file/d/1Y4ekhpSjPbWA5QTQ9Tju55A8hXP8Cs6R/view;https://drive.google.com/file/d/12q-Nt-xZAQC1o3zsaBfPf_kPD0W_eO-q/view;https://drive.google.com/file/d/1HacOprAZeOQXT2lgd6BXOqXMVrQDEA0T/view;https://drive.google.com/file/d/1DxpmcYizFmdxuuV94FAfiL383CbvDtan/view;https://drive.google.com/file/d/1oKz6En_cUWJMtvLjQX1dEW0jbNTFZRlN/view;https://drive.google.com/file/d/121p0J7URe5u4wP3VWZdIYI9_LiUmp12h/view;https://drive.google.com/file/d/1dS9FOgEr3vnUoMKgDTvRrnVJmB9LJWCZ/view;https://drive.google.com/file/d/1E5_btJSmCm1Gz4I8cS9Sr0oDKiDXuA0U/view;https://drive.google.com/file/d/1HiPbYXQZVkH8zMiotW6L48rSwvIhyVtb/view;https://drive.google.com/file/d/1kF1R4pfmdonskTSh6f0VSKO2hq7ZhDTI/view;https://drive.google.com/file/d/1ReCiRQthcilsO2CIbpfFVXXyUZlmbEHQ/view,,4.020613
DY_RW_v7smallerEndplate_straight_20260910,post_DY_RW_v7smallerEndplate_straight_20260910.zip,RW,STRAIGHTLINE,isolated,20260910,DY,Full Car CoP=49.405717;Radiator MF Rate=0.293164kg/s;Inlet MF Averaged Pressure=59.424281Pa;Outlet MF Averaged Pressure=39.336272Pa;Pressure Drop=20.088009;Cell Count=38795815.0;ClA=-1.775508;CdA=0.685921;RW DF=-85.728496N;UT DF=-96.05619N;FW DF=-85.103812N;Body DF=8.23932N;Wheel DF=9.87435N;Whisker DF=4.053339N;Full Car DF=-244.687186N;Radiator DF=0.28327N;Body Drag=23.834875N;Full Car Drag=94.528487N;FW Drag=8.424057N;RW Drag=40.490882N;UT Drag=11.459391N;Wheel Drag=10.041903N;Whisker Drag=-0.527534N;Radiator Drag=1.238407N;EL4 DF=-51.757392N;EL5 DF=-14.509027N;EL6 DF=-3.949835N;EL7 DF=-12.570946N;EL8 DF=-3.000655N;Endplate DF=0.268782N;Swan Neck DF=0.048991N;Carbon Rod DF=0.048991N;Carbon Rod Drag=0.168501N;EL4 Drag=11.263684N;EL5 Drag=14.289241N;EL6 Drag=8.975798N;EL7 Drag=0.427464N;EL8 Drag=1.413444N;Endplate Drag=2.851402N;Swan Neck Drag=0.168501N,-244.687186,,8.23932,-85.103812,-85.728496,-96.05619,9.87435,0.268782,0.048991,0.048991,-51.757392,-14.509027,-3.949835,-12.570946,94.528487,23.834875,8.424057,40.490882,11.459391,10.041903,2.851402,0.168501,0.168501,11.263684,14.289241,8.975798,0.427464,,,,,-1.775508,0.685921,49.405717,,,,0.293164,59.424281,39.336272,20.088009,38795815.0,,,,,https://drive.google.com/file/d/1GbyLF_dj22OZFjowFUc9FAa2UsA00-pl/view;https://drive.google.com/file/d/18-fIZnW6zBgudUtkE3YE5rAZoFWU-Xa4/view;https://drive.google.com/file/d/1AkCuJo_vi9dOeOJbJxC5F9XorWcvXNkf/view;https://drive.google.com/file/d/1Z8rYZhaA5LuZNjnS1LbWdJ3fDjttzPug/view;https://drive.google.com/file/d/1VROFyfyMbK3LDH6RT1IN5dDwCd6z3UTi/view;https://drive.google.com/file/d/1XsiDqfZJdeJEWl1V3KlrMMG4YMx-W6tU/view;https://drive.google.com/file/d/1xXCGKOZJeEixAF4ORhp8E9hx1zJNKNBq/view;https://drive.google.com/file/d/1vwvzI_QxVVoqpPHDZznopzvq_EMHx0QD/view;https://drive.google.com/file/d/1F0ReVzaLB0HtgDJeq8RI5l7XdEmBR9dB/view;https://drive.google.com/file/d/1wSVbgD6pkES7BbDtCnvZgUmzCcBy7gqo/view;https://drive.google.com/file/d/1Zf-xn7SW5qLd1riEImFGo_oT0O1KpE-4/view;https://drive.google.com/file/d/1vMY1Z6wSKR0mh7z__w1VEpkOgh4AWDCn/view;https://drive.google.com/file/d/1u-MH1jdtZTn6rJmbax8dumyzMN26uTGh/view;https://drive.google.com/file/d/1eIjbAVRYm9vkDWNNfLhla08asGWXNKKm/view;https://drive.google.com/file/d/1Fl5btQeFZ-VdFne5J5q7TK_dYlLv1Ylt/view;https://drive.google.com/file/d/1gQoQuUc0MeDm_LxQYAbuonnE_wrOHHzy/view;https://drive.google.com/file/d/1l64zclMaxtHInkFsQBYblBTEb1j-EdxN/view;https://drive.google.com/file/d/1YbqYLTH0dLSPt87Hd5aWHNhQfUeecyZF/view;https://drive.google.com/file/d/1Z8-qapaSNBz-HG2Ms7NcOJl5KHHdOCMG/view;https://drive.google.com/file/d/1lUwq7aGQc7WwPP1Sa4EuIhWR6aK7AAAh/view;https://drive.google.com/file/d/1K5uw9uCohjlsXAjkY3ZtnJr3J6VqvmVt/view;https://drive.google.com/file/d/1UCZ1HRCksZ8gW67xXqy2NyuA0A2jq04H/view;https://drive.google.com/file/d/1jlTwqMqCkhd6p1ckG6iXXe8KdTNpZKKr/view;https://drive.google.com/file/d/1Jai_MUzqWdxLi7I55xlKlUU0JyxhNTBZ/view;https://drive.google.com/file/d/18oaFu1elbHUI00ozXjNmTFLD_ZIoWDOR/view;https://drive.google.com/file/d/1I71uVQMUEYXDQE08xETrg1ZJmS6qqPVR/view;https://drive.google.com/file/d/1Xoaorc6PWABZYXFkM8U-b9gF0fjhCpML/view;https://drive.google.com/file/d/14hX-tjdLnO59tFB6sQcwFYeDSXLTpixU/view;https://drive.google.com/file/d/17RHxeu83E1PEOLeuUH4oiYhM8EQ3MUAF/view;https://drive.google.com/file/d/16EW0o6tsgQg28sFQCVDTQCa_EUPsplP4/view;https://drive.google.com/file/d/1MwLIMHPeF4XKaRDuTWWzuPBBD8eHMu8W/view;https://drive.google.com/file/d/1kCgI31thDAc-YxS7QFr8Yo9diPZQ1Zqo/view;https://drive.google.com/file/d/1ibnZsZ5j5a7S3oOZ2j7ZxQZ70ZH2b3wR/view;https://drive.google.com/file/d/1vIo1SzCJuRFtgHfMZP6KLCu7eBkn0RN7/view;https://drive.google.com/file/d/13uAeIFbd9TXOKOZee_nL_3Er8IfbIQxo/view;https://drive.google.com/file/d/1WhmARHTmX6UFwrXKArP0GE3Kac2rsMDH/view;https://drive.google.com/file/d/11PjvqL8_6PEvm4Yj4NrIyPpXhnZ77fjr/view;https://drive.google.com/file/d/1MI5TgCgCS_-1OI37jSHh3DcT1Dc3o17O/view;https://drive.google.com/file/d/1VObsTSoBsddYaOYigZnIA3tm4ZCeKInf/view;https://drive.google.com/file/d/1dxutv9B9zbimaEruAn-yTJCURSQnXuzL/view;https://drive.google.com/file/d/1ijMI8jnMcg1c_gdymTxzltYep8qxIoQY/view;https://drive.google.com/file/d/1buwJTayZGIq5dEMq0qr67bzr8d9TOczR/view;https://drive.google.com/file/d/1jInJDhuIJNwt0RHpDwVo3OvQn-wUYnfv/view;https://drive.google.com/file/d/135JfMlm_kz408XiAciYOhOhVTGjPp7Yc/view;https://drive.google.com/file/d/1cMZgA6XUOpc8I_QPdabsgXcr7cszSM2U/view;https://drive.google.com/file/d/1--XxhFTh6ocrxIfHWFz5fJJqv_FkCAJy/view;https://drive.google.com/file/d/1uU_aXnmVLnxJv6UsrbyOV7w9cz7wmcC-/view;https://drive.google.com/file/d/1yMfOoqXT2-KzfQihiAXMMOyD4ig7O4vJ/view;https://drive.google.com/file/d/1FuRmT-ZmovJazT7GYLiSfbFxMF9WNyYe/view;https://drive.google.com/file/d/1HHz8sQPjLvjwhw3FhOXrhtU4UrTOxZ5h/view;https://drive.google.com/file/d/1jD30eL0n3TqaDsLh-uFU9PF4g_oxVLYo/view;https://drive.google.com/file/d/1zM03h38MUlO0LQUCgck0B_IfkQ_XckiL/view,,4.053339
DY_RW_e2v2_Straight_20260825,post_DY_RW_e2v2_Straight_20260825.zip,RW,STRAIGHTLINE,isolated,20260825,DY,Full Car CoP=49.7933;Radiator MF Rate=0.295518kg/s;Inlet MF Averaged Pressure=62.46273Pa;Outlet MF Averaged Pressure=42.005771Pa;Pressure Drop=20.456959;Cell Count=39157903.0;ClA=-1.8248;CdA=0.708712;RW DF=-88.491226N;UT DF=-97.723378N;FW DF=-86.412071N;Body DF=8.625644N;Wheel DF=8.544359N;Whisker DF=3.982374N;Full Car DF=-251.480254N;Radiator DF=0.249678N;Body Drag=23.834631N;Full Car Drag=97.669364N;FW Drag=8.639522N;RW Drag=43.128223N;UT Drag=11.436606N;Wheel Drag=10.29809N;Whisker Drag=-0.505636N;Radiator Drag=1.277022N;EL4 DF=-57.215425N;EL5 DF=-13.765377N;EL6 DF=-3.97748N;EL7 DF=-11.946549N;EL8 DF=-2.389997N;Endplate DF=0.982833N;Swan Neck DF=0.020444N;Carbon Rod DF=0.020444N;Carbon Rod Drag=0.139507N;EL4 Drag=12.66202N;EL5 Drag=15.00589N;EL6 Drag=9.413469N;EL7 Drag=0.291426N;EL8 Drag=1.15597N;Endplate Drag=3.230742N;Swan Neck Drag=0.139507N,-251.480254,,8.625644,-86.412071,-88.491226,-97.723378,8.544359,0.982833,0.020444,0.020444,-57.215425,-13.765377,-3.97748,-11.946549,97.669364,23.834631,8.639522,43.128223,11.436606,10.29809,3.230742,0.139507,0.139507,12.66202,15.00589,9.413469,0.291426,,,,,-1.8248,0.708712,49.7933,,,,0.295518,62.46273,42.005771,20.456959,39157903.0,,,,,https://drive.google.com/file/d/1N0YRQRBzJi-G92KNmQ4vf_lSRmqND1oq/view;https://drive.google.com/file/d/1SpnuTEqXE3Hcrjqs6MIkvKFm8_i94DQU/view;https://drive.google.com/file/d/1_vryYH2i690LCCBfDFhBu-SVpzeJalQI/view;https://drive.google.com/file/d/1pRd68blq5ChRdTNaQERCMA-76RECzDP8/view;https://drive.google.com/file/d/1otpVqgBujEVnXUSlCSIuas8pWLwIBogs/view;https://drive.google.com/file/d/1Zgl_56SUEeYcl83qGTvxYGAIxPVUw4qC/view;https://drive.google.com/file/d/1u6e0Aq5RCKfCP9vxnBPbT3cl23qj8QMK/view;https://drive.google.com/file/d/1Whp0LEyuXw4KjJqXgdLlRw8LcMufRdT9/view;https://drive.google.com/file/d/1gicwt2S2G7c33FMzaJD2jDnTqh-5MTw_/view;https://drive.google.com/file/d/11YCJ0aZ9_2Mo4HlDS3axkS9v6fqPyA84/view;https://drive.google.com/file/d/1c-dQ-2gy2HqAwxpHtvAf1B3CQELvnC7u/view;https://drive.google.com/file/d/1_fgk_jCIIhJ6bmD4Lq-s1kiIoMzubmmk/view;https://drive.google.com/file/d/1bJCu7ogLoHytbc24E5WUVf-9v52Op2Of/view;https://drive.google.com/file/d/1Q7e3I3ovLLz8J9wximE3pTy8xpaq7DxD/view;https://drive.google.com/file/d/1wYkv9FcKMjo8gkmzru5mmdQnGg2bAtyn/view;https://drive.google.com/file/d/14OA2rZvuYQjeUXvPhsmYgEvMK_dHToAB/view;https://drive.google.com/file/d/1N7pwHG2PZVpAYr0fsoiKMDLmCYciasae/view;https://drive.google.com/file/d/17uu6m8HzWZcpVwIeKBqVZ03SJA9accji/view;https://drive.google.com/file/d/1hzU_XhqgDYH-VtBeIilObrj-hytbhIvr/view;https://drive.google.com/file/d/1hdK7JJ47n6V6PUUXn4DgXRnuOIm5b0ig/view;https://drive.google.com/file/d/1hy0NcoHOKfAaCvqaml5fxRTISNsyoCwN/view;https://drive.google.com/file/d/1RLAlq-lbD4zy06BLyn1ZXg0VtQ9LD78l/view;https://drive.google.com/file/d/10z-wfd4qIzZSKTIoYZqjjNIcbSG4t2PM/view;https://drive.google.com/file/d/16r-FlADVbFjzMaptY2CEQgzpb7XjEgam/view;https://drive.google.com/file/d/13_s4KTeSKwxrzBbM-BzJX6JGdM88hEmg/view;https://drive.google.com/file/d/17T6ar_4W3LMMZ8BA-qMcg-AQqXKJWwWy/view;https://drive.google.com/file/d/1yAfdkuFEHUm10aUu6JmCT0gUIKNCZA7X/view;https://drive.google.com/file/d/1e6eQyLUtKUbvfBoFuThJsM-ilbfRYEOD/view;https://drive.google.com/file/d/1S17t3dmkwvTKV7O8ANvVHwf3oK5hhgyH/view;https://drive.google.com/file/d/1Mm8fSOSqe0WfKzgl9wnCkcddFD2IQiOi/view;https://drive.google.com/file/d/1HU6LzaqNjMYQreZpxj1-_1YBFeaIwvlZ/view;https://drive.google.com/file/d/1kigoDMn1XsRujK-uxy8nsxTCQK6L68Yd/view;https://drive.google.com/file/d/1HI3kqlTH3hcU29EFH13Ldk-KxjfzweEi/view;https://drive.google.com/file/d/1Q0cAz7guxOVRxb7krqLng9SR9-Tp4S_L/view;https://drive.google.com/file/d/1r8xUeCz6J-a28EQC-HPHdigmQAllwRRC/view;https://drive.google.com/file/d/1BIez-etjbpkIxBvsg03yotltwk1R6KBp/view;https://drive.google.com/file/d/1JviGubzr9I9V5JpMhFwp6841uLCgawcR/view;https://drive.google.com/file/d/15nl3MpZaEZhXvRPjayW3P6ntWdFnyFsV/view;https://drive.google.com/file/d/1t3tSwkyqHNay-upX6LoRgOXupS-GjXcw/view;https://drive.google.com/file/d/1yrLZ85ghwPkjtj98IJXHDvBi_27vZRIN/view;https://drive.google.com/file/d/1Tctemux1P9Z067WEDzecpbpEFIpVfJ6E/view;https://drive.google.com/file/d/1_EgO6Fx6yZ3icYnPx_SXhGaYq9bgDhuL/view;https://drive.google.com/file/d/1VYnXJy8lzR-jHCeh3n44_nNZZDZoQzAk/view;https://drive.google.com/file/d/1FjoY2axGh-RKKMX9MRayWDJWpn0Aq9Wo/view;https://drive.google.com/file/d/1gBzBnF_NyAIw0AqOWAz2ngyjTU6bOv3Q/view;https://drive.google.com/file/d/1hhTaIeyK6GBzWvFqABhFULtG4m6lBz6X/view;https://drive.google.com/file/d/1GyhdWQyuMEU6z8024qhYasYk_5wW-6hq/view;https://drive.google.com/file/d/1UKkwM6gijnk3WYMMf6WEDsUuYH6NC-Qi/view;https://drive.google.com/file/d/1tvkzaes0p3lToMG6eASJ70wTMyFotBsI/view;https://drive.google.com/file/d/1irBm86zbD7fgAn1Hl3vikZ4mgTuVdoRt/view;https://drive.google.com/file/d/1KZ3tUvtw1hYBCJ8HcNQOivKmpwZtNFVh/view;https://drive.google.com/file/d/1k54gUhV12DRaxmaDzrnPmvNXD1Ay5Yq5/view;https://drive.google.com/file/d/1QMLBq6IjE9RjrDtxSq35ouvWo6-BT4P6/view,,3.982374
MT_UT_UTraise500mmoutlet_Straight_20261003,post_MT_UT_UTraise500mmoutlet_Straight_20261003.zip,UT,STRAIGHTLINE,isolated,20261003,MT,Full Car CoP=48.64009;Radiator MF Rate=0.29805kg/s;Inlet MF Averaged Pressure=59.190794Pa;Outlet MF Averaged Pressure=39.283152Pa;Pressure Drop=19.907641;Cell Count=43304453.0;ClA=-1.711576;CdA=0.691398;RW DF=-84.716902N;UT DF=-66.640656N;FW DF=-84.640658N;Body DF=-10.517542N;Wheel DF=10.5853N;Whisker DF=0.0N;Full Car DF=-235.876631N;Radiator DF=0.28835N;Body Drag=24.156152N;Full Car Drag=95.28325N;FW Drag=8.383609N;RW Drag=38.887016N;UT Drag=9.935918N;Wheel Drag=13.08743N;Whisker Drag=0.0N;Radiator Drag=1.242346N;EL4 DF=-55.979563N;EL5 DF=-13.599166N;EL6 DF=-4.107991N;EL7 DF=-10.303629N;EL8 DF=0.0N;Endplate DF=-0.40416N;Swan Neck DF=-0.01917N;Carbon Rod DF=-0.01917N;Carbon Rod Drag=0.102883N;EL4 Drag=10.863737N;EL5 Drag=14.35862N;EL6 Drag=9.196259N;EL7 Drag=0.835139N;EL8 Drag=0.0N;Endplate Drag=2.298709N;Swan Neck Drag=0.102883N,-235.876631,,-10.517542,-84.640658,-84.716902,-66.640656,10.5853,-0.40416,-0.01917,-0.01917,-55.979563,-13.599166,-4.107991,-10.303629,95.28325,24.156152,8.383609,38.887016,9.935918,13.08743,2.298709,0.102883,0.102883,10.863737,14.35862,9.196259,0.835139,,,,,-1.711576,0.691398,48.64009,,,,0.29805,59.190794,39.283152,19.907641,43304453.0,,,,,https://drive.google.com/file/d/1K9Dzy8SoMZv92S9mHzR6dSlwPBO2XUQD/view;https://drive.google.com/file/d/1LlQqPvM_q0DwLBmDbnL6dzoFpcEvVPrL/view;https://drive.google.com/file/d/1WO2GUL5AGF4r7b9UT0sU_i6aPTuYh_y9/view;https://drive.google.com/file/d/1yKIaaYgaifjWlGsmpBxgEx3v0_gjOzg_/view;https://drive.google.com/file/d/1OR3QiOsD8BXKVL3Q2-4rF7Yz77Qk9wCP/view;https://drive.google.com/file/d/1pyUC5gKHOqUo5FAksiSjovrsI1OweAwS/view;https://drive.google.com/file/d/14TjtZHnqBvHOUFmMKYkPH8NrwDezozfO/view;https://drive.google.com/file/d/1N5Ep4dnylJNLDQjB2r7Mqwj0pWTetW6z/view;https://drive.google.com/file/d/1XHFVh2knFdKs19PBppk4nAINLMlVAT4B/view;https://drive.google.com/file/d/1R_3F8VQ1qMgqu30pCM0avxayIQT8K-Y9/view;https://drive.google.com/file/d/12-N1nZ6HOWjpc2VwZf4w1z9zT1KhHtYE/view;https://drive.google.com/file/d/1DsVJof6R43ydivlV4jlSqISycZJh5Fdq/view;https://drive.google.com/file/d/1VjTIRmTdIBigCuBw2U4JA9x92Mimn4Nu/view;https://drive.google.com/file/d/1E8oiNbg6AFiG_FeG0kqQba5Q3Rykotie/view;https://drive.google.com/file/d/1DIP2oPVJ5D2udtGSzlL1zqo92tFJI01m/view;https://drive.google.com/file/d/1Y1fpwVA0hHyuZ96jbsbeomqUEUtthDO6/view;https://drive.google.com/file/d/17PG9-4XdM9SiKHubSBcyHfoDxuF0nPHP/view;https://drive.google.com/file/d/1GXTzw3SforrpPOq7dw4VwQhsgDRYXqYq/view;https://drive.google.com/file/d/1bu9IWIffUU-Erwpb2pzIy_TxCSgmryQy/view;https://drive.google.com/file/d/16hfdc5Xp9hAN9-I59WHIGlO4pHMSUl5_/view;https://drive.google.com/file/d/18kdDBEi4nWiqqnPCeNiUYMk3eRhlRUbM/view;https://drive.google.com/file/d/1yNeX4z3ei1_uOMetJG0FF_zLkohwR9Fr/view;https://drive.google.com/file/d/1Ygsq8_sSsJprLNOCHPbAuX5d5OTXB2k5/view;https://drive.google.com/file/d/1v-BWgEt1kV2mjwCpzRQPE-39tLXLCMJX/view;https://drive.google.com/file/d/1qtz_yLTuATyUAqi3OyEQjW4OfoQkL6YQ/view;https://drive.google.com/file/d/1tPggaExIIDlzleKdRCgMG6oinWiXUefS/view;https://drive.google.com/file/d/13pNc9As4ySR_--YYn7FYoQv34iI6YCUJ/view;https://drive.google.com/file/d/1RW3kWFrf2uwrKohTWktwyTl3c2GSkisZ/view;https://drive.google.com/file/d/1BUhEOEBwoCNDP7DzPauqbsgs6l69_Gj4/view;https://drive.google.com/file/d/1OORIAqxz9fHRwAk1sfT5AYglwhlj17jD/view;https://drive.google.com/file/d/1MiaYAAjk3a6PKefXCYXHrqRlJF7Uqe57/view;https://drive.google.com/file/d/1txpO4svqn-RvbKtmowdye2GnMMwmBkEZ/view;https://drive.google.com/file/d/1QFp1-n0O1tEnuF8OxsPqtPPxPIQk1paX/view;https://drive.google.com/file/d/1-hFPhcTqJubwrLdWqgcG64zJJtnTK4Ak/view;https://drive.google.com/file/d/1rBt5ze4_sgI2okSQlEP7DPnsVR4zwAcH/view;https://drive.google.com/file/d/1WcVxDNEp8_509HgQibwb4c-hfRpGhfZD/view;https://drive.google.com/file/d/1qKvUrJcFzYJFVqLi8XdnyuoU_uTaoNSK/view;https://drive.google.com/file/d/1smhkJKVYSPjhhPpBVjgJZbQ1PKuRJwIi/view;https://drive.google.com/file/d/1E_OzC04JqTUTYT7x1SJG5Oov1XzgGgW4/view;https://drive.google.com/file/d/1fu4SQ5pvmQdvkY8Db7ogGtAtffIjrfea/view;https://drive.google.com/file/d/1Z59Ekpz4cN_JNATQH5wlypSmA5juNIG4/view;https://drive.google.com/file/d/15-uXDoN7A2suDXbGY1UW-DUxV-IUd1gd/view;https://drive.google.com/file/d/1CJtDwhLt63jpUXMy2veI2NRgeECi-blT/view;https://drive.google.com/file/d/1BHS_Fzg6rH91-xsMypPBa9VX6EFmEFeQ/view;https://drive.google.com/file/d/1tGWKLws_PviV0z641TgRt4oW3Uz51pbn/view;https://drive.google.com/file/d/1Lnj2DVEnx2xOlOTBPbybZKpwR5LLc18s/view;https://drive.google.com/file/d/1dye0x4Bofm1lU0CUF1rE47tNX07rQgPI/view;https://drive.google.com/file/d/1oH4weKBLEwDFBXOC3UkxtEEd5s5NcTZK/view;https://drive.google.com/file/d/1bvvJy0Ax_3JeqTwYedQnb-1jAyF6lgsj/view;https://drive.google.com/file/d/18QQZQ4Y5Z2egwn60XVPDOR8a0WrMRE8e/view;https://drive.google.com/file/d/16F6zsQ777XqsmxnsSOTlzX4AbuXimvBS/view;https://drive.google.com/file/d/1U9uFTHo44uiv2hb_EauiKz_PQ0PIw19f/view,,0.0
MT_UT_UTraise470mmoutlet_Straight_20261003,post_MT_UT_UTraise470mmoutlet_Straight_20261003.zip,UT,STRAIGHTLINE,isolated,20261003,MT,Full Car CoP=51.654512;Radiator MF Rate=0.29932kg/s;Inlet MF Averaged Pressure=62.679342Pa;Outlet MF Averaged Pressure=42.530578Pa;Pressure Drop=20.148764;Cell Count=43363579.0;ClA=-1.725662;CdA=0.708735;RW DF=-90.448597N;UT DF=-62.769104N;FW DF=-86.051785N;Body DF=-10.335818N;Wheel DF=7.753957N;Whisker DF=4.011568N;Full Car DF=-237.817836N;Radiator DF=0.277061N;Body Drag=24.39059N;Full Car Drag=97.672522N;FW Drag=8.595726N;RW Drag=41.813364N;UT Drag=10.473354N;Wheel Drag=12.0837N;Whisker Drag=-0.499663N;Radiator Drag=1.252715N;EL4 DF=-60.04715N;EL5 DF=-14.807743N;EL6 DF=-4.312877N;EL7 DF=-10.583087N;EL8 DF=0.0N;Endplate DF=-0.394902N;Swan Neck DF=-0.017421N;Carbon Rod DF=-0.017421N;Carbon Rod Drag=0.11758N;EL4 Drag=12.194915N;EL5 Drag=15.533209N;EL6 Drag=9.506035N;EL7 Drag=0.812187N;EL8 Drag=0.0N;Endplate Drag=2.475714N;Swan Neck Drag=0.11758N,-237.817836,,-10.335818,-86.051785,-90.448597,-62.769104,7.753957,-0.394902,-0.017421,-0.017421,-60.04715,-14.807743,-4.312877,-10.583087,97.672522,24.39059,8.595726,41.813364,10.473354,12.0837,2.475714,0.11758,0.11758,12.194915,15.533209,9.506035,0.812187,,,,,-1.725662,0.708735,51.654512,,,,0.29932,62.679342,42.530578,20.148764,43363579.0,,,,,https://drive.google.com/file/d/1dFZEr7jkU7ktImzVpiV6fKnc40SMYVpN/view;https://drive.google.com/file/d/1xZeqTikdJdu_n8FyK1mtusR52IxTqLoR/view;https://drive.google.com/file/d/1Ar35OKiEMPjEHGVNYT6lrPwkj7-TZohT/view;https://drive.google.com/file/d/1oLlLCGfPuuXm_k5HxNhRrXl7ng8XI6FZ/view;https://drive.google.com/file/d/1PTuRuGwkEj5eWbF4PO2YP1CBbwPgUypV/view;https://drive.google.com/file/d/1RV3alOLdw7xkuonaQ38h0uu3ISqhwgKI/view;https://drive.google.com/file/d/1Tp7dd0_XyvaVFtQWICI6jAMQFYJTPvMp/view;https://drive.google.com/file/d/1v1u4Ll0HXQHR_qP320tAEk6c4i2E8lV6/view;https://drive.google.com/file/d/10Sx4gxkTBKfrKjl11y5U79wDAvaqElZo/view;https://drive.google.com/file/d/1pvbhpl7UPOxV5G-48FgWWsz39S0sz3D1/view;https://drive.google.com/file/d/1IBtBlpSMCl0RKz5TcI1HPeScr1pKmZni/view;https://drive.google.com/file/d/1eUn63nIylCgsEvUjq69fK6EqN9x0xvnf/view;https://drive.google.com/file/d/10gd54CgrXfeE6kOkhIhptZi4qHuvB61q/view;https://drive.google.com/file/d/1yxNyEiXW6xat-0ipq3eNCd9_af0_lN8f/view;https://drive.google.com/file/d/1JQwdGisUE06yluHhvUElKKPTnmbM0x6K/view;https://drive.google.com/file/d/15CzFGC0Gh4HEkvRV0HNjIpVnirJvyo3l/view;https://drive.google.com/file/d/1M5RSyLX49OJo_fABUWcdL8YYO2rr61EQ/view;https://drive.google.com/file/d/1SI2wm7dODCE5aSyrBG60WGooYIFHZz9p/view;https://drive.google.com/file/d/1Am4FjFhEj02Q6wgkAoRZYALpJLZeMYLe/view;https://drive.google.com/file/d/1WvFDJrR_Xd2zMFMbfBPU63_-69ehjbSz/view;https://drive.google.com/file/d/1QmoaliDujX8Gdh4ocZvfvXtf3TmAo_SS/view;https://drive.google.com/file/d/11cM_b0ZJh2WS7a14eNv8OB6_GIzXCtVN/view;https://drive.google.com/file/d/14RkVGxPcFeJEVrMjiQhP0Huh76BgZLK2/view;https://drive.google.com/file/d/1t_bD2xGVJrNQJAFF2TzfUJM9XOe9w9o0/view;https://drive.google.com/file/d/1Vj8Xtl1_8xAFQMTS340xZRSZ27dAN2jc/view;https://drive.google.com/file/d/1vTdiOmBK45k9On0VAwIHa8DrgQJOqNMK/view;https://drive.google.com/file/d/11wwAVumntXv7-FBwN3n25JkCxxBR0yaK/view;https://drive.google.com/file/d/114ZiAdcPo2sdKEILeWj9flUNqK39cWEf/view;https://drive.google.com/file/d/1inhVTa6E7Ow3hl2fj5R8RmZHxwwd5z-k/view;https://drive.google.com/file/d/17mvPUS27fQjbI847b6M193dDaxC8pmcO/view;https://drive.google.com/file/d/1UzS6Han1uGcOTne81DkVb0wALfTVIMB6/view;https://drive.google.com/file/d/1fWuIhoyzOSiIAHCRZ4TewWFOanSeGA6V/view;https://drive.google.com/file/d/1d-Jht943i9TlpoIAtG0c180QEgUnjNsE/view;https://drive.google.com/file/d/1ICAjmpttEI_4__B_8NC9n6ujOogPaE6Y/view;https://drive.google.com/file/d/1UpPeV8bEVk3EKBKsi-RNURsuoyK58hD8/view;https://drive.google.com/file/d/1bip8Ql_IOKawQxcfklXxfXOvIZIMyPWs/view;https://drive.google.com/file/d/1V8iMoCP__KkezQa8B3SKeOob_LcXGRaV/view;https://drive.google.com/file/d/1ehWFVwdjQzP3AU2-mhkpp04LdrYciH8M/view;https://drive.google.com/file/d/1CcOZHJ3_JWK127Qhpme4RmwcQDNV42dX/view;https://drive.google.com/file/d/1w9_2VUAOjNbjaWq7t9dPsUMgGO9n6s0y/view;https://drive.google.com/file/d/1UYafH5Oh3o4sLnR-vhSKTUgcxxxUxSXE/view;https://drive.google.com/file/d/1WSRwx0bYuYRUjfy9gaF-HuxUXEG_if0u/view;https://drive.google.com/file/d/1pmZHaT8FD0wWu6bRMottWzKtNz6UupwR/view;https://drive.google.com/file/d/1iI0SGedXVN2hYPc9mPd77lX_YwT1VQ5L/view;https://drive.google.com/file/d/18Gtvb84ePwOQB-lE2l6EMFjNUZM61YCg/view;https://drive.google.com/file/d/1NbHvOfA1LmGb5jleE8DK3beCmxn8FAzY/view;https://drive.google.com/file/d/1k7j16w6wpKlN_0HYiX8PrBj6iAmpjP8l/view;https://drive.google.com/file/d/1iRAaXTh64n12Mh9YB9WPlYbhGnCkF-AK/view;https://drive.google.com/file/d/1eH_KkRplHCgpwOV73AkPrd5lDT91qPpp/view;https://drive.google.com/file/d/1sqw_lden0X-FybBHqnoVBW2jcu5AnauR/view;https://drive.google.com/file/d/1YEiamgE5L5ZsTOJsrBL8yMbre0lGkMwv/view;https://drive.google.com/file/d/1q9Pe9_e3nrZfC88IS1iekFrQAkfR5CNo/view,,4.011568
DY_FC_Mesh60mm_Straight_20261003,post_DY_FC_Mesh60mm_Straight_20261003.zip,FC,STRAIGHTLINE,full_car,20261003,DY,Full Car CoP=53.145958;Radiator MF Rate=0.275735kg/s;Inlet MF Averaged Pressure=45.212123Pa;Outlet MF Averaged Pressure=29.948932Pa;Pressure Drop=15.263191;Cell Count=25994808.0;ClA=-1.833806;CdA=0.715315;RW DF=-94.524275N;UT DF=-94.271917N;FW DF=-83.51645N;Body DF=8.735555N;Wheel DF=6.669312N;Whisker DF=4.189063N;Full Car DF=-252.721416N;Radiator DF=0.23007N;Body Drag=27.00198N;Full Car Drag=98.579399N;FW Drag=8.111844N;RW Drag=42.190184N;UT Drag=11.861064N;Wheel Drag=9.131173N;Whisker Drag=-0.5592N;Radiator Drag=1.196144N;EL4 DF=-64.404854N;EL5 DF=-15.398392N;EL6 DF=-4.328735N;EL7 DF=-10.261632N;Endplate DF=0.133942N;Swan Neck DF=-0.02404N;Carbon Rod DF=-0.240565N;Carbon Rod Drag=1.00608N;EL4 Drag=12.409163N;EL5 Drag=15.952582N;EL6 Drag=9.542476N;EL7 Drag=0.755096N;Endplate Drag=2.416299N;Swan Neck Drag=0.108488N,-252.721416,,8.735555,-83.51645,-94.524275,-94.271917,6.669312,0.133942,-0.02404,-0.240565,-64.404854,-15.398392,-4.328735,-10.261632,98.579399,27.00198,8.111844,42.190184,11.861064,9.131173,2.416299,0.108488,1.00608,12.409163,15.952582,9.542476,0.755096,,,,,-1.833806,0.715315,53.145958,,,,0.275735,45.212123,29.948932,15.263191,25994808.0,,,,,https://drive.google.com/file/d/1lCrlV9zVlJM6ABsUumy1KBiXGEiuMi1S/view;https://drive.google.com/file/d/13ZbbZzo5HM9dzJCNWlF1g_YlbwHc_N3z/view;https://drive.google.com/file/d/1VfOYNv0sgAA0oMyXQnAL9fHw8uiMRiA9/view;https://drive.google.com/file/d/1nEWm7AytVtPMbF5DT5Hgz7fYXYKuc6hJ/view;https://drive.google.com/file/d/1CT165flaqVEB8Nmx8wMhRxDbZseu9XeG/view;https://drive.google.com/file/d/10hjDzje6dQhfYgEIq2FFlJoQuO3XtS7c/view;https://drive.google.com/file/d/1x1l2_f1XzQAdw-EXixxyXCA1LAWzmwAf/view;https://drive.google.com/file/d/1ZZgE7E90eEG_bu2cY-J7CO5v5TuV9Lme/view;https://drive.google.com/file/d/1U2QL2rzhMQhPNRIg9P2jqZSTlu0ADJC3/view;https://drive.google.com/file/d/1bjMCFpT52wcdSmGfCfldqdhhaxmoTeER/view;https://drive.google.com/file/d/1fScBjTB95zzPEpzFlhfnukGjFaaZ19hS/view;https://drive.google.com/file/d/1aLYqkQl-hw3R8pSQLMTUu2FXM-nd-x3F/view;https://drive.google.com/file/d/1ABcHrqJiuDvBhFPIuR-xFYzmC2S_XkPh/view;https://drive.google.com/file/d/1YIC89-PfhMzLD3qaXbLzz2u4wD2_AD4Z/view;https://drive.google.com/file/d/1DoJvY6npoziPn4VUyJLo64C9q0hhtlUY/view;https://drive.google.com/file/d/1K79l7zxcMTw4J37HsucXPDWIjETE4vV6/view;https://drive.google.com/file/d/15NLRet2s8AsPlUMWBCzrT9NXc-Lq1aSh/view;https://drive.google.com/file/d/1jO8aDAGRLoujNNkn9tdcA4AHC7qjfWF7/view;https://drive.google.com/file/d/1Pwxwi1ETt8C-wCGQmx0NOUZtO-PAoeLJ/view;https://drive.google.com/file/d/1l4BulwK_Yg403NBzSONJCQa5tN2kd-tc/view;https://drive.google.com/file/d/1x9FHtI7yzuMXfOjszc1j13yoUJRuqv6W/view;https://drive.google.com/file/d/1WA4FXItsGbVdnbyHcf4g9mSf9hjaASgB/view;https://drive.google.com/file/d/1gDxNs3h7Y3ishfvIIaFRnS8s_ZngaULx/view;https://drive.google.com/file/d/16mVZb8kJY7bDlU4ADSagEAaRaU1nBwz5/view;https://drive.google.com/file/d/1GtpXjrQS_TlLpLMRgYDTpWThGiY8l4cA/view;https://drive.google.com/file/d/18QGx9YAa8B8dymAm2DPzM4HXZm63gNcp/view;https://drive.google.com/file/d/1INwgLqGSbyweQyFHa-mLIMwesXNByRz8/view;https://drive.google.com/file/d/1mLGTy2xfSbSDpTU_PWZLFS2tbFze-7Fi/view;https://drive.google.com/file/d/1DeSTRN0MhwdFFcOvCXJW0culfiAtf0bc/view;https://drive.google.com/file/d/1FhimLTarL9NAhIfRNCQYJ73cC5yUatnr/view;https://drive.google.com/file/d/14wYWgqT8YVcPvWL7J4JOetIpqoN0wJ-w/view;https://drive.google.com/file/d/19ZLrtO9v46TlafBlaGr5EahO2KZcN0RN/view;https://drive.google.com/file/d/1G1IbslmaT9kBYRvLnsD_TGnE86CzZNbv/view;https://drive.google.com/file/d/11J43ladX6jlJPylmX71X80qsEGV6LsFl/view;https://drive.google.com/file/d/1ioDpmESu7qSO1ciFWaahupTr8DdBGtQa/view;https://drive.google.com/file/d/1Lm8vrNBd2RCGfEnUcLjlp4xHkuuxsvHJ/view;https://drive.google.com/file/d/1G-EkCUrk3xUkYP3bvFTE2stkfSs_nMcB/view;https://drive.google.com/file/d/1clhjV7r-_QW780VBY2aSzLc2fHvK1XwP/view;https://drive.google.com/file/d/13Gvsbtig5MzcBv8uYdZ-Gm_tBcfmNEIk/view;https://drive.google.com/file/d/1TtLjExlLOxJ2XFxyKK0L8Nb7wHkdj1G-/view;https://drive.google.com/file/d/1LtE3fE_io__8cjFiG0JD3nptM4qth_6V/view;https://drive.google.com/file/d/1R7joTdqxFR2b4L5pG4Z8df4YQRW9_L6n/view;https://drive.google.com/file/d/1tPNBKnAyLGABMWZYlBxVqsDFaEsaxLrS/view;https://drive.google.com/file/d/1yhK_tV91SygsAPtF3kJk7jjMidGNjf84/view;https://drive.google.com/file/d/1n736LRjfoea2Hq6LJGe4Bga9Pe90Z3Qc/view;https://drive.google.com/file/d/1BNf-qtSuGssWa6dH2ygstyIs7DIXM_4i/view;https://drive.google.com/file/d/1oiO-lAyLZ7mWtjicL1VY_E5Pgfk8empy/view;https://drive.google.com/file/d/1emtAKKJQLIdHQhyKycfJrriNEuhLHJ34/view;https://drive.google.com/file/d/1JN50QqEQc0agTtqYuqSDw1EI92c13yae/view;https://drive.google.com/file/d/1e3BsQ2EL2Ur5rTcHu4QNMR4IdbR7LB7X/view;https://drive.google.com/file/d/1fc58dZTomTgY4-mqSHbpooLNARoFwP6C/view;https://drive.google.com/file/d/1x27B6-zp_dd2zHa8C6IwDhTSNS4eOxw5/view;https://drive.google.com/file/d/11Bg9NTdZRymK-ZQJr1WevQpfDFeRBckM/view,,4.189063
DY_FC_Mesh40mm_Straight_20261003,post_DY_FC_Mesh40mm_Straight_20261003.zip,FC,STRAIGHTLINE,full_car,20261003,DY,Full Car CoP=53.138203;Radiator MF Rate=0.294833kg/s;Inlet MF Averaged Pressure=60.296765Pa;Outlet MF Averaged Pressure=40.329015Pa;Pressure Drop=19.96775;Cell Count=60483512.0;ClA=-1.850296;CdA=0.708384;RW DF=-94.253791N;UT DF=-98.296729N;FW DF=-82.667559N;Body DF=8.130238N;Wheel DF=8.039807N;Whisker DF=4.042306N;Full Car DF=-254.993939N;Radiator DF=0.237329N;Body Drag=26.561239N;Full Car Drag=97.624104N;FW Drag=8.107279N;RW Drag=42.521797N;UT Drag=11.397528N;Wheel Drag=8.764021N;Whisker Drag=-0.539977N;Radiator Drag=1.244379N;EL4 DF=-63.772307N;EL5 DF=-15.438358N;EL6 DF=-4.35963N;EL7 DF=-10.487308N;Endplate DF=0.085321N;Swan Neck DF=-0.020077N;Carbon Rod DF=-0.261434N;Carbon Rod Drag=1.080752N;EL4 Drag=12.339467N;EL5 Drag=16.130906N;EL6 Drag=9.672069N;EL7 Drag=0.70983N;Endplate Drag=2.494911N;Swan Neck Drag=0.093861N,-254.993939,,8.130238,-82.667559,-94.253791,-98.296729,8.039807,0.085321,-0.020077,-0.261434,-63.772307,-15.438358,-4.35963,-10.487308,97.624104,26.561239,8.107279,42.521797,11.397528,8.764021,2.494911,0.093861,1.080752,12.339467,16.130906,9.672069,0.70983,,,,,-1.850296,0.708384,53.138203,,,,0.294833,60.296765,40.329015,19.96775,60483512.0,,,,,https://drive.google.com/file/d/1Z57w3U-dcTuscHW09IZlhMXwzpQR5LqL/view;https://drive.google.com/file/d/1zmINahAuTbNdSR4Nvi1bW_U16l2Fr2QZ/view;https://drive.google.com/file/d/1n3kFP6qG2O8AGfCE9RjF7tjOWeZM0nQW/view;https://drive.google.com/file/d/157O8LIariglUhLDzEJ997YfodTONYrLs/view;https://drive.google.com/file/d/1qgQkeSY0RXEG576865nOU06GZ_yyp-zV/view;https://drive.google.com/file/d/1i6vfNdfU6zO550c4XRJqAPjmIsFwxvoI/view;https://drive.google.com/file/d/1k8uOnz0QOvErtXI_CCJudafzOoKAZbuk/view;https://drive.google.com/file/d/1nXh6Dd0D3fegp86rnIMeUpEGOSr87DGT/view;https://drive.google.com/file/d/11kskHMX1UZcFDrilpcMoqkKfzi7c1bg_/view;https://drive.google.com/file/d/1UCWvHn3zodNCfsrejyamPPdTBshqZFyp/view;https://drive.google.com/file/d/1pk1F3UBI3KeOhS_sEblTPbwqFved-5aS/view;https://drive.google.com/file/d/11gLvuhbgjpPCeh85EEil1Ds16jpNzfNj/view;https://drive.google.com/file/d/1TskGqZTHBGkq0_GKG1mkmuLk4XtkVIFT/view;https://drive.google.com/file/d/1toD6rk_rI1kjWWi4ZW0MEag1e_nlCMMn/view;https://drive.google.com/file/d/1ybslOHo6Gjg_WnvI576newn2wAlcYpBz/view;https://drive.google.com/file/d/1xbprDXogLb4WpkhZ4NPIeMU67v9JSurY/view;https://drive.google.com/file/d/1LK0VRHXqEEGxsKqznojb-QwcCBQvDbM3/view;https://drive.google.com/file/d/1dONQZq3mMj5UE6QEXSQgdpdKwuSKgNu0/view;https://drive.google.com/file/d/10x3fLLJn38L_Jbx3uFDTeVkymWQlitlC/view;https://drive.google.com/file/d/1pHo7-t43KZ1-kiwhN5RDqXxaL239d3pT/view;https://drive.google.com/file/d/137vm_EMJ46WW0Xw7Q5aEXt2uwkorqoHI/view;https://drive.google.com/file/d/1MFRKBOquRqI3pjEsvBatTgu9SXNnr5Qn/view;https://drive.google.com/file/d/1RplCeQF_U8ON5XgvukZr4YEZCN-TV4LC/view;https://drive.google.com/file/d/1bTDvIwSOfz-VAFCqyq5JYB6I0xeGXJIc/view;https://drive.google.com/file/d/1S8MwxTikqnPd6TtzuOwfu93_7ui2GeC7/view;https://drive.google.com/file/d/1M4nRV0Ht9KaUqN_0iO7OOKU22vnwcbfb/view;https://drive.google.com/file/d/1H43JmA6pCyIzDKqQcOqUi3bI7j6doseC/view;https://drive.google.com/file/d/1jUjROd8nIg0P7mGVcs1G4QcO979lCIBE/view;https://drive.google.com/file/d/1MvRdTQwvudeokbFUBbuTLG1PsbMaA5j3/view;https://drive.google.com/file/d/1i_idDS1hwWcan6_JsEhjOFnvaolYPfZ8/view;https://drive.google.com/file/d/1pYGh0gda6tlyZ6kW6m1zd0spjkId1FHF/view;https://drive.google.com/file/d/19ufkE6VjZf8vuwwISvqZqhwu-Zbdy4-i/view;https://drive.google.com/file/d/1VRh8T62WNON6Us6Iux47G9xWu1xr0I2j/view;https://drive.google.com/file/d/1rHwypiu022I7kWMrkBXpTGMPE-Dycbsa/view;https://drive.google.com/file/d/1v9ksCObDKBl2Y4INdGAUWkW_BtR31cMA/view;https://drive.google.com/file/d/11XelhVnPfBLT7sfVD5M5XPCKD3KhjvS3/view;https://drive.google.com/file/d/1n7Kro3p-Nf2e5loxpopqS886AIeOAmQ9/view;https://drive.google.com/file/d/1nxlnneo2B3BnnpNc3Odxk_RPkiy9nlx1/view;https://drive.google.com/file/d/1w0WpEC01SY2NdZ5dg1xfZ-b94XNZMwIj/view;https://drive.google.com/file/d/15Jd6_ADnKy3flpEV48Zx266NOfw_e0IZ/view;https://drive.google.com/file/d/1Vm-Wlsq9gfuNWgMAMR7OtqA_8xRU0t5E/view;https://drive.google.com/file/d/18uj3rvMrQolieazYXS10FEWFMC9N4D7U/view;https://drive.google.com/file/d/1i56Gbj1rSSa8aXAm-0xC7vOFPdnDxdZa/view;https://drive.google.com/file/d/1juLVwfQf89JcP0CZPT0oEuYCm4HeMcfE/view;https://drive.google.com/file/d/1yhsu56hwGNglLxSAPBBc6QAcD0rce5H2/view;https://drive.google.com/file/d/1v87MO2X0jQ9pCLeHB1R-dJ1lyUJLTQ__/view;https://drive.google.com/file/d/1cEZ5bLsdkIVYkSFUnrqvm-HVOCbMh2Ke/view;https://drive.google.com/file/d/1g0lEoZ1rx6knAEAtiZpj6p9frWevwwXi/view;https://drive.google.com/file/d/1wHEK4yRQi1BT-sFSsAGb2GAMER2u62yH/view;https://drive.google.com/file/d/1HL_SieImyTdl65W5pweOPbWzmlcK4LY9/view;https://drive.google.com/file/d/1mLeTzNcjjSi_O84ZLW95wuyVDwtgqgcL/view;https://drive.google.com/file/d/1KDgcXTruFG-rtHB5IP5XxyKRb8c0gxP2/view;https://drive.google.com/file/d/10O-UPX-Ltck96NP90XSkLGzR-pBpFn_5/view,,4.042306
DY_FC_Mesh100mm_Straight_20261003,post_DY_FC_Mesh100mm_Straight_20261003.zip,FC,STRAIGHTLINE,full_car,20261003,DY,Full Car CoP=51.585544;Radiator MF Rate=0.235563kg/s;Inlet MF Averaged Pressure=-25.364204Pa;Outlet MF Averaged Pressure=29.884043Pa;Pressure Drop=-55.248247;Cell Count=9460927.0;ClA=-1.744962;CdA=0.697011;RW DF=-86.88805N;UT DF=-91.422346N;FW DF=-83.525092N;Body DF=9.053882N;Wheel DF=8.053909N;Whisker DF=4.276778N;Full Car DF=-240.477548N;Radiator DF=0.187414N;Body Drag=27.791114N;Full Car Drag=96.056871N;FW Drag=8.021793N;RW Drag=40.565822N;UT Drag=11.179957N;Wheel Drag=8.33866N;Whisker Drag=-0.592548N;Radiator Drag=0.268705N;EL4 DF=-61.45894N;EL5 DF=-14.566801N;EL6 DF=-4.048178N;EL7 DF=-6.46396N;Endplate DF=-0.013155N;Swan Neck DF=-0.075084N;Carbon Rod DF=-0.261933N;Carbon Rod Drag=1.146651N;EL4 Drag=11.409821N;EL5 Drag=15.256204N;EL6 Drag=8.830554N;EL7 Drag=1.055396N;Endplate Drag=2.65819N;Swan Neck Drag=0.209006N,-240.477548,,9.053882,-83.525092,-86.88805,-91.422346,8.053909,-0.013155,-0.075084,-0.261933,-61.45894,-14.566801,-4.048178,-6.46396,96.056871,27.791114,8.021793,40.565822,11.179957,8.33866,2.65819,0.209006,1.146651,11.409821,15.256204,8.830554,1.055396,,,,,-1.744962,0.697011,51.585544,,,,0.235563,-25.364204,29.884043,-55.248247,9460927.0,,,,,https://drive.google.com/file/d/1iRFibCN15Iaa1-Sq6RlX5l1sFefzCf7W/view;https://drive.google.com/file/d/1wm4Xc-vz6e9pXQZQ7q9BXtIQDVaT3Fqj/view;https://drive.google.com/file/d/17AiyBLCT2ciTU1UN2s6kc6umKFR77SY4/view;https://drive.google.com/file/d/19fR6h__-ayaTrFFy1drogHYUsBfUXpIG/view;https://drive.google.com/file/d/1sePhhp5HfSJnfl9K9k82dKrN3byjJLvR/view;https://drive.google.com/file/d/14DKxJTi3KNLP2oxqpdrtDn7X0pcoQSUt/view;https://drive.google.com/file/d/1D70smTJNJkjVgYPnqO0WMnY2GDTqdcIc/view;https://drive.google.com/file/d/1UhPQqemn9mEOGKe1jTWvvkTQNv_WzL_U/view;https://drive.google.com/file/d/1Mmq829I8muMM8FjP-eCD-stGCMXAY_89/view;https://drive.google.com/file/d/1rf8KnEh9bm0uyUaz0VIPopijxVTHT2it/view;https://drive.google.com/file/d/1on_UHgtBbZ_Cq1lIM0-oQFugw-th3YIh/view;https://drive.google.com/file/d/1yHl8a74gL3MHBvq1JMzn79VeeiBgRyPS/view;https://drive.google.com/file/d/1dIxZ4NPqt0jM9vZYion3tt46SYceKNIn/view;https://drive.google.com/file/d/1VCok8Q7mQiF8r7_ZuBKSL-TpE11zRLkG/view;https://drive.google.com/file/d/1nITbHyPyfNDkzBYma0Uj2lOFSkikvo55/view;https://drive.google.com/file/d/1E1dU-Y-tcPYdqSid-y1Fx4sWcfJ-_K7w/view;https://drive.google.com/file/d/1aXbJ4nRU87o0lCJK4601KKByXha9CVhX/view;https://drive.google.com/file/d/1FukV26eaDvyIIU_K_TW4g4KzwCdGjHrb/view;https://drive.google.com/file/d/1Ppo9uMLYIq-l5tshHLFolCx4p1pdVasF/view;https://drive.google.com/file/d/14TPjHO0J2RFbWwBnfaGvQMCd8if8b4O3/view;https://drive.google.com/file/d/1x5PqtAdRPEMrOZTsEm13CqgC3fKHbPSv/view;https://drive.google.com/file/d/1wVBN-Kf9hGYI3fMy9m7aeoFMotMw3ZmR/view;https://drive.google.com/file/d/1sXhzaw_m-JpXuNpIZ2IAKEibDvV-a_c3/view;https://drive.google.com/file/d/1gcwOMHNzyX77IKIbimkb9aGqw4Wcbl2Q/view;https://drive.google.com/file/d/1kyyz2cTAOnyTHsE6nmTDlK6W90vPwUjd/view;https://drive.google.com/file/d/1YoCSjAq-l_zPW-5PqYWPWZ_tSnJPm2iJ/view;https://drive.google.com/file/d/1FyFLli1QjuRMRy5Z5VhMAaH1Iy24rPBb/view;https://drive.google.com/file/d/1xi8b2k1H54kb2RLd5EecXeGi96CjUmFh/view;https://drive.google.com/file/d/1RhxiiqBiJXuBm6lYS9CZjExfC9JXSSGn/view;https://drive.google.com/file/d/1HI0IORiRfs1J9rlSZSLadqNAsrCOLcZg/view;https://drive.google.com/file/d/1vyMx1UN4W9F_QUeLcA9lUWziKs8mKkzD/view;https://drive.google.com/file/d/10_EHna2tFZF9lFGYoNbguqd4IJmSW0Ow/view;https://drive.google.com/file/d/1hWtbVLdOj0wptyjZZSGGhfAwZEcwzsua/view;https://drive.google.com/file/d/1teQbj0lECBj3uNVEAqAgGJzlQEsQiW_5/view;https://drive.google.com/file/d/1psdbVOxnA9uIUYZHNc7LCIHtoDVUI-Gg/view;https://drive.google.com/file/d/1wz9N1eLnHdd_KattRzgbCv-ffeYUlKEq/view;https://drive.google.com/file/d/18k4mMb5FmyQOyIKB1EcZyqxj-ON7e52c/view;https://drive.google.com/file/d/1UuXGs-UUQNKiLMgFXU1Rc0T09iQxovdM/view;https://drive.google.com/file/d/17JdY1dWN1Z87T1o1v8gLZFJjlLxLIApK/view;https://drive.google.com/file/d/19cYjIjL9_y54eFgqmZdRb_q6IZmAJipw/view;https://drive.google.com/file/d/1eZ1WfRS4vnW5EHIrO9asYLe9ZzfOvga2/view;https://drive.google.com/file/d/10Sw7-3Ur3GboTPO2fTK73lpyIX2GlDS0/view;https://drive.google.com/file/d/1IWznhBdFsimVDGKXxsoyLAWUfQxbj-Hi/view;https://drive.google.com/file/d/1Psw1_qLxSxJ29F9n0zu3nq-txXxCrhck/view;https://drive.google.com/file/d/1xUJE8yispSGQO-6j1ciYbWNYs649XmIh/view;https://drive.google.com/file/d/1ujKFaNvCGYxFKnrU3MAVRJVA6BGzdvBc/view;https://drive.google.com/file/d/1l4NosXuZnbKYFCo8yqsuo4ryD1sbeKX8/view;https://drive.google.com/file/d/1Ihixx-oerpHPS-ul1N3xSq-O4MfVp3VI/view;https://drive.google.com/file/d/1LYmIhvFjKhq6Kz_MuW6pjYG4n5WkfLNH/view;https://drive.google.com/file/d/19pn889gbcYjqvtLn0FpE1HTSnD2VAC-n/view;https://drive.google.com/file/d/1OK2wNNvf2ACqmkg_JjSu8-LKICQjFqxI/view;https://drive.google.com/file/d/1FKCjweUxfU7NCFHYeNgSc2OjQz3X1wqk/view;https://drive.google.com/file/d/1Nz6VMBsDVsEBkUrV8dx-9nooaFpgcFPg/view,,4.276778
DY_FC_B27FinalBaseline_Straight_20261004,post_DY_FC_B27FinalBaseline_Straight_20261004.zip,FC,STRAIGHTLINE,full_car,20261004,DY,Full Car CoP=49.513074;Radiator MF Rate=0.224407kg/s;Inlet MF Averaged Pressure=35.795444Pa;Outlet MF Averaged Pressure=23.988207Pa;Pressure Drop=11.807237;Cell Count=8483980.0;ClA=-1.600278;CdA=0.643965;RW DF=-80.22689N;UT DF=-59.554595N;FW DF=-83.844411N;Body DF=-9.132209N;Wheel DF=7.942809N;Whisker DF=4.247296N;Full Car DF=-220.538243N;Radiator DF=0.235562N;Body Drag=23.219764N;Full Car Drag=88.746401N;FW Drag=8.33749N;RW Drag=38.001464N;UT Drag=10.322271N;Wheel Drag=8.738298N;Whisker Drag=-0.572671N;Radiator Drag=0.951401N;EL4 DF=-53.040106N;EL5 DF=-12.585389N;EL6 DF=-4.288828N;EL7 DF=-10.145205N;Endplate DF=0.087653N;Swan Neck DF=-0.024794N;Carbon Rod DF=-0.230222N;Carbon Rod Drag=0.983298N;EL4 Drag=9.321903N;EL5 Drag=13.34644N;EL6 Drag=10.591738N;EL7 Drag=0.974913N;Endplate Drag=2.632648N;Swan Neck Drag=0.150524N,-220.538243,,-9.132209,-83.844411,-80.22689,-59.554595,7.942809,0.087653,-0.024794,-0.230222,-53.040106,-12.585389,-4.288828,-10.145205,88.746401,23.219764,8.33749,38.001464,10.322271,8.738298,2.632648,0.150524,0.983298,9.321903,13.34644,10.591738,0.974913,,,,,-1.600278,0.643965,49.513074,,,,0.224407,35.795444,23.988207,11.807237,8483980.0,,,,,https://drive.google.com/file/d/1_OsnnPFLlGcjWRVFSpvVnZ71t2LBFoav/view;https://drive.google.com/file/d/1UQu8TdRO62gsnGQ7lJiRgTR-vQRbeM75/view;https://drive.google.com/file/d/18KrAinkLuJZX5g6it29NDOt613mHD7T3/view;https://drive.google.com/file/d/1XvetTlxNrGlNJWv3sfbpmNUdQHiMHqZE/view;https://drive.google.com/file/d/1KXwBiKZzX4qAJ3J1XXwnZ8c3ZQ__o2ZW/view;https://drive.google.com/file/d/1g6GOY2_XS4QA9Oo3V3ScG1QNHEsIBmc0/view;https://drive.google.com/file/d/1KkrXGm2zQJIn9a2qXymGWTg-tlDFbV-V/view;https://drive.google.com/file/d/1ii6bDPmPixxa1XRFBVKo8uCOVwCLsr0b/view;https://drive.google.com/file/d/1s9ReVYxEJCOpqmfMv3IlJTyFbgLNwZsG/view;https://drive.google.com/file/d/1p6nv2SewZeROJLYUiEaAVwuWXcgrliUC/view;https://drive.google.com/file/d/16BlF9-GAOzjzHtdaI6UvaJ26bwwrGER6/view;https://drive.google.com/file/d/1yxfUhg_LCR7LvPgvb-QGf-Mg_WXpLl4x/view;https://drive.google.com/file/d/1cF04E7DNuTtn9wn6VnRBmcA0aX0UvVdY/view;https://drive.google.com/file/d/1qPGzbCaZuqziHRATPxpahIOggN0KIP4n/view;https://drive.google.com/file/d/1FDOF3mshsWfPFVBVtqF_ynQmWlXZokYS/view;https://drive.google.com/file/d/1LFgDFlWGRXWbhKwKyb4u2LpmnEEUzz_e/view;https://drive.google.com/file/d/1vhn6AvgQ7mnNHzoSaNTYq6qFl5Tt4SM6/view;https://drive.google.com/file/d/1oyx-0MCS2cjXysrr5r9uVFMqChkB6Iaa/view;https://drive.google.com/file/d/1B9ExgUUzpk5r5c74QJtIwi3c2aV0VX74/view;https://drive.google.com/file/d/1GHYgoXTCBgR37sgPATwntnJYQd8ycGdm/view;https://drive.google.com/file/d/1_cnnF0Y7Mlwnfu8gU-Z6kQYQEzCBx7DL/view;https://drive.google.com/file/d/1aqcpynq8aGjGu9zFGZ3OzqRCZXoRHDJf/view;https://drive.google.com/file/d/1-l0VPAd6lrzgm_DQ25ttpnOP24ZHdSgG/view;https://drive.google.com/file/d/1B2y5p0Xxmob257PLWrWOwZlSd5BFh9Ow/view;https://drive.google.com/file/d/1bEBW7DPkkGjEC4iwPN5xMPke6UZTD8CM/view;https://drive.google.com/file/d/1XnubY4rV2vYA1emcJUPGrwBn-jn-rYyu/view;https://drive.google.com/file/d/1epFSWkQSc6vskE_f_lk9t6eWF_w_YyIy/view;https://drive.google.com/file/d/1GF61YW3Gb-DzUolBbKuf7d_g0meMPWPE/view;https://drive.google.com/file/d/1LwkhfyEElXt4bdtqjYo1lHhJFcz0sYR_/view;https://drive.google.com/file/d/1S_mKh3CPE8Yi1telbZc3VTQINPcvWI5_/view;https://drive.google.com/file/d/1t0ws6QC6GJYZUFfThWZo-BKJ9siLcZnN/view;https://drive.google.com/file/d/1-qVeUqdRgJU3eIXE_SqrLJsc9YdiDuE4/view;https://drive.google.com/file/d/1-OFYXOQ11h5oH-74lPY34FK4xrtNW-Y-/view;https://drive.google.com/file/d/199xxLfyjrRsITL0KWnPkVcmWCmIpk27s/view;https://drive.google.com/file/d/1ZiK1Gy6NXmMcDTuXETd-mJIGuWqYM5iW/view;https://drive.google.com/file/d/1mGQKV20A-AKBRSAflS2SNhC4pvt9JdCU/view;https://drive.google.com/file/d/1mtAQ3lhf4ZKpWf4XcLm1iEdur3kwakOw/view;https://drive.google.com/file/d/11UDtyrxfvuDCrQyqqewfv7b4VNTQHRKF/view;https://drive.google.com/file/d/14yE9BoL3qklfuMBSVYE42wwSPgz6PIKA/view;https://drive.google.com/file/d/1b2w1lOMlssNM85sJTsbntzL_tKx90YrN/view;https://drive.google.com/file/d/1n8M06IRNQhi5hx2ReJ5ZoEcZAjKXCFc3/view;https://drive.google.com/file/d/1koR7t07IB3pMK2aiuc8Ex9VJY6OnV_Ju/view;https://drive.google.com/file/d/1CHztt6bylKqO0NsTCgArRufpzG9ACz_D/view;https://drive.google.com/file/d/1HEMFvFXr4IBx-L4UIXH8UBZC2aGL2V4q/view;https://drive.google.com/file/d/1t7P8877_BzU4JHNiPoVEgjaAx8K-o3t4/view;https://drive.google.com/file/d/1H6UMyqgiQWlnIPXRqZxieHNCx3kdmW_-/view;https://drive.google.com/file/d/1goFUetM4HtiT9kCHdsR_bwmSzTlYorYH/view;https://drive.google.com/file/d/18H8BnzZ6LaZxI5-HnIuBxMauoqCOHgDg/view;https://drive.google.com/file/d/10iubtaT88tlaSfV16oK3MTQouakd6n59/view;https://drive.google.com/file/d/1z6zvhpyX1Cm4lxt6fRV8ipcWPX5rCbIL/view;https://drive.google.com/file/d/1KZk1tjIbAd8lV49d2NmcnkIlb84SazQC/view;https://drive.google.com/file/d/15RWulDLWf5mFynZWxFGBGWlxAUYe9chH/view,,4.247296
